
SET NAMES utf8mb4;
SET FOREIGN_KEY_CHECKS = 0;

-- ----------------------------
-- Table structure for sys_dept
-- ----------------------------
DROP TABLE IF EXISTS `sys_dept`;
CREATE TABLE `sys_dept` (
  `dept_id` bigint(20) NOT NULL AUTO_INCREMENT COMMENT '部门ID',
  `parent_id` bigint(20) NOT NULL COMMENT '上级部门ID',
  `dept_name` varchar(100) CHARACTER SET utf8 COLLATE utf8_general_ci NOT NULL COMMENT '部门名称',
  `order_num` double(20,0) DEFAULT NULL COMMENT '排序',
  `create_time` datetime DEFAULT NULL COMMENT '创建时间',
  `update_time` datetime DEFAULT NULL COMMENT '修改时间',
  `create_by` varchar(100) CHARACTER SET utf8 COLLATE utf8_general_ci DEFAULT NULL COMMENT '创建人',
  `update_by` varchar(100) CHARACTER SET utf8 COLLATE utf8_general_ci DEFAULT NULL COMMENT '更新人',
  PRIMARY KEY (`dept_id`) USING BTREE
) ENGINE=InnoDB AUTO_INCREMENT=7 DEFAULT CHARSET=utf8 ROW_FORMAT=DYNAMIC COMMENT='部门表';

-- ----------------------------
-- Records of sys_dept
-- ----------------------------
BEGIN;
INSERT INTO `sys_dept` (`dept_id`, `parent_id`, `dept_name`, `order_num`, `create_time`, `update_time`, `create_by`, `update_by`) VALUES (0, -1, 'fxzcloud', 0, '2022-02-28 16:42:49', '2022-02-28 16:42:51', NULL, NULL);
INSERT INTO `sys_dept` (`dept_id`, `parent_id`, `dept_name`, `order_num`, `create_time`, `update_time`, `create_by`, `update_by`) VALUES (1, 0, '研发部', 0, '2022-02-28 16:43:53', '2022-02-28 16:43:55', NULL, NULL);
INSERT INTO `sys_dept` (`dept_id`, `parent_id`, `dept_name`, `order_num`, `create_time`, `update_time`, `create_by`, `update_by`) VALUES (2, 0, '市场部', -1, '2022-02-28 16:43:10', '2022-03-26 20:16:52', NULL, 'fxz');
INSERT INTO `sys_dept` (`dept_id`, `parent_id`, `dept_name`, `order_num`, `create_time`, `update_time`, `create_by`, `update_by`) VALUES (3, 2, '销售部', 0, '2022-02-28 16:43:27', '2022-03-25 19:32:45', NULL, 'fxz');
INSERT INTO `sys_dept` (`dept_id`, `parent_id`, `dept_name`, `order_num`, `create_time`, `update_time`, `create_by`, `update_by`) VALUES (4, 1, '前端组', 1, '2022-02-28 16:44:29', '2022-02-28 16:44:29', NULL, NULL);
INSERT INTO `sys_dept` (`dept_id`, `parent_id`, `dept_name`, `order_num`, `create_time`, `update_time`, `create_by`, `update_by`) VALUES (5, 1, '后端组', 0, '2022-02-28 16:44:41', '2022-03-26 20:26:43', NULL, 'fxz');
COMMIT;

-- ----------------------------
-- Table structure for sys_dict
-- ----------------------------
DROP TABLE IF EXISTS `sys_dict`;
CREATE TABLE `sys_dict` (
  `id` bigint(20) NOT NULL,
  `type` varchar(100) CHARACTER SET utf8mb4 COLLATE utf8mb4_general_ci DEFAULT NULL COMMENT '类型',
  `description` varchar(100) CHARACTER SET utf8mb4 COLLATE utf8mb4_general_ci DEFAULT NULL COMMENT '描述',
  `remark` varchar(255) CHARACTER SET utf8mb4 COLLATE utf8mb4_general_ci DEFAULT NULL COMMENT '备注',
  `system_flag` char(1) CHARACTER SET utf8mb4 COLLATE utf8mb4_general_ci DEFAULT '0' COMMENT '是否是系统内置',
  `del_flag` char(1) CHARACTER SET utf8mb4 COLLATE utf8mb4_general_ci DEFAULT '0' COMMENT '删除标记',
  `create_time` datetime DEFAULT NULL COMMENT '创建时间',
  `create_by` varchar(64) CHARACTER SET utf8mb4 COLLATE utf8mb4_general_ci DEFAULT NULL COMMENT '创建人',
  `update_by` varchar(64) CHARACTER SET utf8mb4 COLLATE utf8mb4_general_ci DEFAULT NULL COMMENT '更新人',
  `update_time` datetime DEFAULT NULL COMMENT '更新时间',
  PRIMARY KEY (`id`) USING BTREE,
  KEY `sys_dict_del_flag` (`del_flag`) USING BTREE
) ENGINE=InnoDB DEFAULT CHARSET=utf8mb4 COLLATE=utf8mb4_general_ci ROW_FORMAT=DYNAMIC COMMENT='字典表';

-- ----------------------------
-- Records of sys_dict
-- ----------------------------
BEGIN;
INSERT INTO `sys_dict` (`id`, `type`, `description`, `remark`, `system_flag`, `del_flag`, `create_time`, `create_by`, `update_by`, `update_time`) VALUES (1510864072018067457, 'ddd', 'dd', 'dd', '1', '1', '2022-04-04 14:17:20', 'fxz', 'fxz', '2022-04-04 14:17:20');
INSERT INTO `sys_dict` (`id`, `type`, `description`, `remark`, `system_flag`, `del_flag`, `create_time`, `create_by`, `update_by`, `update_time`) VALUES (1510865432566308866, 'dict_type', '字典类型', '字典类型', '1', '0', '2022-04-04 14:22:44', 'fxz', 'fxz', '2022-04-04 14:22:44');
INSERT INTO `sys_dict` (`id`, `type`, `description`, `remark`, `system_flag`, `del_flag`, `create_time`, `create_by`, `update_by`, `update_time`) VALUES (1510869546876649474, '1', '1', '1', '0', '1', '2022-04-04 14:39:05', 'fxz', 'fxz', '2022-04-04 14:39:05');
INSERT INTO `sys_dict` (`id`, `type`, `description`, `remark`, `system_flag`, `del_flag`, `create_time`, `create_by`, `update_by`, `update_time`) VALUES (1510870304607027202, '1231', '13213', '313', '0', '1', '2022-04-04 14:42:06', 'fxz', 'fxz', '2022-04-04 14:42:16');
INSERT INTO `sys_dict` (`id`, `type`, `description`, `remark`, `system_flag`, `del_flag`, `create_time`, `create_by`, `update_by`, `update_time`) VALUES (1510873495704817666, 'dasda', 'dsada', 'dasda', '0', '1', '2022-04-04 14:54:47', 'fxz', 'fxz', '2022-04-04 15:05:11');
INSERT INTO `sys_dict` (`id`, `type`, `description`, `remark`, `system_flag`, `del_flag`, `create_time`, `create_by`, `update_by`, `update_time`) VALUES (1510894313813856257, '1', '1', '1', '0', '1', '2022-04-04 16:17:30', 'fxz', 'fxz', '2022-04-04 16:17:30');
INSERT INTO `sys_dict` (`id`, `type`, `description`, `remark`, `system_flag`, `del_flag`, `create_time`, `create_by`, `update_by`, `update_time`) VALUES (1510894343949930498, '2', '2', '2', '0', '1', '2022-04-04 16:17:37', 'fxz', 'fxz', '2022-04-04 16:17:37');
INSERT INTO `sys_dict` (`id`, `type`, `description`, `remark`, `system_flag`, `del_flag`, `create_time`, `create_by`, `update_by`, `update_time`) VALUES (1510894360676814850, '3', '3', '3', '0', '1', '2022-04-04 16:17:41', 'fxz', 'fxz', '2022-04-04 16:17:41');
INSERT INTO `sys_dict` (`id`, `type`, `description`, `remark`, `system_flag`, `del_flag`, `create_time`, `create_by`, `update_by`, `update_time`) VALUES (1510894381933547521, '4', '4', '4', '0', '1', '2022-04-04 16:17:46', 'fxz', 'fxz', '2022-04-04 16:17:46');
INSERT INTO `sys_dict` (`id`, `type`, `description`, `remark`, `system_flag`, `del_flag`, `create_time`, `create_by`, `update_by`, `update_time`) VALUES (1510894403840397314, '5', '5', '5', '0', '1', '2022-04-04 16:17:52', 'fxz', 'fxz', '2022-04-04 16:17:52');
INSERT INTO `sys_dict` (`id`, `type`, `description`, `remark`, `system_flag`, `del_flag`, `create_time`, `create_by`, `update_by`, `update_time`) VALUES (1510894422765096962, '6', '6', '6', '0', '1', '2022-04-04 16:17:56', 'fxz', 'fxz', '2022-04-04 16:17:56');
INSERT INTO `sys_dict` (`id`, `type`, `description`, `remark`, `system_flag`, `del_flag`, `create_time`, `create_by`, `update_by`, `update_time`) VALUES (1510894443795337218, '7', '7', '7', '0', '1', '2022-04-04 16:18:01', 'fxz', 'fxz', '2022-04-04 16:18:01');
INSERT INTO `sys_dict` (`id`, `type`, `description`, `remark`, `system_flag`, `del_flag`, `create_time`, `create_by`, `update_by`, `update_time`) VALUES (1510894461734375425, '8', '8', '8', '0', '1', '2022-04-04 16:18:05', 'fxz', 'fxz', '2022-04-04 16:18:05');
INSERT INTO `sys_dict` (`id`, `type`, `description`, `remark`, `system_flag`, `del_flag`, `create_time`, `create_by`, `update_by`, `update_time`) VALUES (1510894481871228929, '9', '9', '9', '0', '1', '2022-04-04 16:18:10', 'fxz', 'fxz', '2022-04-04 16:18:10');
INSERT INTO `sys_dict` (`id`, `type`, `description`, `remark`, `system_flag`, `del_flag`, `create_time`, `create_by`, `update_by`, `update_time`) VALUES (1517894240063803393, 'data_permission_type', '数据权限', '数据权限', '1', '0', '2022-04-23 23:52:43', 'fxz', 'fxz', '2022-04-23 23:52:43');
COMMIT;

-- ----------------------------
-- Table structure for sys_dict_item
-- ----------------------------
DROP TABLE IF EXISTS `sys_dict_item`;
CREATE TABLE `sys_dict_item` (
  `id` bigint(20) NOT NULL,
  `dict_id` bigint(20) NOT NULL COMMENT '字典ID',
  `value` varchar(100) CHARACTER SET utf8mb4 COLLATE utf8mb4_general_ci DEFAULT NULL COMMENT '值',
  `label` varchar(100) CHARACTER SET utf8mb4 COLLATE utf8mb4_general_ci DEFAULT NULL COMMENT '标签',
  `type` varchar(100) CHARACTER SET utf8mb4 COLLATE utf8mb4_general_ci DEFAULT NULL COMMENT '字典类型',
  `description` varchar(100) CHARACTER SET utf8mb4 COLLATE utf8mb4_general_ci DEFAULT NULL COMMENT '描述',
  `sort_order` int(11) NOT NULL DEFAULT '0' COMMENT '排序（升序）',
  `remark` varchar(255) CHARACTER SET utf8mb4 COLLATE utf8mb4_general_ci DEFAULT ' ' COMMENT '备注',
  `del_flag` char(1) CHARACTER SET utf8mb4 COLLATE utf8mb4_general_ci DEFAULT '0' COMMENT '删除标记',
  `create_time` datetime DEFAULT NULL COMMENT '创建时间',
  `create_by` varchar(64) CHARACTER SET utf8mb4 COLLATE utf8mb4_general_ci DEFAULT NULL COMMENT '创建人',
  `update_by` varchar(64) CHARACTER SET utf8mb4 COLLATE utf8mb4_general_ci DEFAULT NULL COMMENT '修改人',
  `update_time` datetime DEFAULT NULL COMMENT '更新时间',
  PRIMARY KEY (`id`) USING BTREE,
  KEY `sys_dict_value` (`value`) USING BTREE,
  KEY `sys_dict_label` (`label`) USING BTREE,
  KEY `sys_dict_del_flag` (`del_flag`) USING BTREE
) ENGINE=InnoDB DEFAULT CHARSET=utf8mb4 COLLATE=utf8mb4_general_ci ROW_FORMAT=DYNAMIC COMMENT='字典项';

-- ----------------------------
-- Records of sys_dict_item
-- ----------------------------
BEGIN;
INSERT INTO `sys_dict_item` (`id`, `dict_id`, `value`, `label`, `type`, `description`, `sort_order`, `remark`, `del_flag`, `create_time`, `create_by`, `update_by`, `update_time`) VALUES (1510865497015984129, 1510865432566308866, '1', '系统类', 'dict_type', '系统类', 1, ' ', '0', '2022-04-04 14:23:00', 'fxz', 'fxz', '2022-04-04 14:23:25');
INSERT INTO `sys_dict_item` (`id`, `dict_id`, `value`, `label`, `type`, `description`, `sort_order`, `remark`, `del_flag`, `create_time`, `create_by`, `update_by`, `update_time`) VALUES (1510865563508285441, 1510865432566308866, '0', '业务类', 'dict_type', '业务类', 0, ' ', '0', '2022-04-04 14:23:16', 'fxz', 'fxz', '2022-04-04 14:23:16');
INSERT INTO `sys_dict_item` (`id`, `dict_id`, `value`, `label`, `type`, `description`, `sort_order`, `remark`, `del_flag`, `create_time`, `create_by`, `update_by`, `update_time`) VALUES (1517894931306074113, 1517894240063803393, '1', '全部数据权限', 'data_permission_type', '全部数据权限', 1, ' ', '0', '2022-04-23 23:55:27', 'fxz', 'fxz', '2022-04-23 23:55:27');
INSERT INTO `sys_dict_item` (`id`, `dict_id`, `value`, `label`, `type`, `description`, `sort_order`, `remark`, `del_flag`, `create_time`, `create_by`, `update_by`, `update_time`) VALUES (1517895362191118337, 1517894240063803393, '2', '指定部门数据权限', 'data_permission_type', '指定部门数据权限', 2, ' ', '0', '2022-04-23 23:57:10', 'fxz', 'fxz', '2022-04-23 23:55:27');
INSERT INTO `sys_dict_item` (`id`, `dict_id`, `value`, `label`, `type`, `description`, `sort_order`, `remark`, `del_flag`, `create_time`, `create_by`, `update_by`, `update_time`) VALUES (1517895581628715009, 1517894240063803393, '3', '部门数据权限', 'data_permission_type', '部门数据权限', 3, ' ', '0', '2022-04-23 23:58:02', 'fxz', 'fxz', '2022-04-23 23:55:27');
INSERT INTO `sys_dict_item` (`id`, `dict_id`, `value`, `label`, `type`, `description`, `sort_order`, `remark`, `del_flag`, `create_time`, `create_by`, `update_by`, `update_time`) VALUES (1517895701451591682, 1517894240063803393, '4', '部门及以下数据权限', 'data_permission_type', '部门及以下数据权限', 4, ' ', '0', '2022-04-23 23:58:31', 'fxz', 'fxz', '2022-04-23 23:55:27');
INSERT INTO `sys_dict_item` (`id`, `dict_id`, `value`, `label`, `type`, `description`, `sort_order`, `remark`, `del_flag`, `create_time`, `create_by`, `update_by`, `update_time`) VALUES (1517895786809872385, 1517894240063803393, '5', '仅本人数据权限', 'data_permission_type', '仅本人数据权限', 5, ' ', '0', '2022-04-23 23:58:51', 'fxz', 'fxz', '2022-04-23 23:55:27');
COMMIT;

-- ----------------------------
-- Table structure for sys_file
-- ----------------------------
DROP TABLE IF EXISTS `sys_file`;
CREATE TABLE `sys_file` (
  `id` bigint(20) NOT NULL,
  `file_name` varchar(100) CHARACTER SET utf8mb4 COLLATE utf8mb4_general_ci DEFAULT NULL,
  `bucket_name` varchar(200) CHARACTER SET utf8mb4 COLLATE utf8mb4_general_ci DEFAULT NULL,
  `original` varchar(100) CHARACTER SET utf8mb4 COLLATE utf8mb4_general_ci DEFAULT NULL,
  `type` varchar(50) CHARACTER SET utf8mb4 COLLATE utf8mb4_general_ci DEFAULT NULL,
  `file_size` bigint(20) DEFAULT NULL COMMENT '文件大小',
  `del_flag` char(1) CHARACTER SET utf8mb4 COLLATE utf8mb4_general_ci DEFAULT '0' COMMENT '0-正常，1-删除',
  `create_time` datetime DEFAULT NULL COMMENT '创建时间',
  `update_time` datetime DEFAULT NULL COMMENT '修改时间',
  `create_by` varchar(64) CHARACTER SET utf8mb4 COLLATE utf8mb4_general_ci DEFAULT NULL COMMENT '创建者',
  `update_by` varchar(64) CHARACTER SET utf8mb4 COLLATE utf8mb4_general_ci DEFAULT NULL COMMENT '更新人',
  PRIMARY KEY (`id`) USING BTREE
) ENGINE=InnoDB DEFAULT CHARSET=utf8mb4 COLLATE=utf8mb4_general_ci ROW_FORMAT=DYNAMIC COMMENT='文件管理表';

-- ----------------------------
-- Records of sys_file
-- ----------------------------
BEGIN;
INSERT INTO `sys_file` (`id`, `file_name`, `bucket_name`, `original`, `type`, `file_size`, `del_flag`, `create_time`, `update_time`, `create_by`, `update_by`) VALUES (1517878422349291521, '2eb7605827094bb8b9409f8efb795dd1.png', 'fxzcloud', '7493281_fxzcloud_1644239239.png', 'png', 20151, '0', '2022-04-23 22:49:51', '2022-04-23 22:49:51', 'fxz', 'fxz');
INSERT INTO `sys_file` (`id`, `file_name`, `bucket_name`, `original`, `type`, `file_size`, `del_flag`, `create_time`, `update_time`, `create_by`, `update_by`) VALUES (1517878484760535041, '36f848152cef4db3be798ae7b23ddef5.png', 'fxzcloud', '7493281_fxzcloud_1644239239.png', 'png', 20151, '0', '2022-04-23 22:50:06', '2022-04-23 22:50:06', 'fxz', 'fxz');
INSERT INTO `sys_file` (`id`, `file_name`, `bucket_name`, `original`, `type`, `file_size`, `del_flag`, `create_time`, `update_time`, `create_by`, `update_by`) VALUES (1517900762525290497, '2cf6a2a5a7704c67b733877ae3d8ac23.png', 'fxzcloud', '7493281_fxzcloud_1644239239.png', 'png', 20151, '0', '2022-04-24 00:18:38', '2022-04-24 00:18:38', 'fxz', 'fxz');
INSERT INTO `sys_file` (`id`, `file_name`, `bucket_name`, `original`, `type`, `file_size`, `del_flag`, `create_time`, `update_time`, `create_by`, `update_by`) VALUES (1522189670826184706, '2917ae8f5c4a446ea83b7ce8c947faf3.png', 'fxzcloud', '7493281_fxzcloud_1644239239.png', 'png', 20151, '0', '2022-05-05 20:21:13', '2022-05-05 20:21:13', 'fxz', 'fxz');
INSERT INTO `sys_file` (`id`, `file_name`, `bucket_name`, `original`, `type`, `file_size`, `del_flag`, `create_time`, `update_time`, `create_by`, `update_by`) VALUES (1522191184164638721, '0c1aacddbff24e48bcde61ae4b0ccc7a.jpeg', 'fxzcloud', '235104-1627660264251e.jpeg', 'jpeg', 488520, '0', '2022-05-05 20:27:14', '2022-05-05 20:27:14', 'fxz', 'fxz');
INSERT INTO `sys_file` (`id`, `file_name`, `bucket_name`, `original`, `type`, `file_size`, `del_flag`, `create_time`, `update_time`, `create_by`, `update_by`) VALUES (1522191249688055809, 'f3caeea78a7640b7a079cfa775acef45.jpeg', 'fxzcloud', '235104-1627660264251e.jpeg', 'jpeg', 488520, '0', '2022-05-05 20:27:30', '2022-05-05 20:27:30', 'fxz', 'fxz');
INSERT INTO `sys_file` (`id`, `file_name`, `bucket_name`, `original`, `type`, `file_size`, `del_flag`, `create_time`, `update_time`, `create_by`, `update_by`) VALUES (1522438611287207937, '4f37749a603542b3acfbbd6daa2f25a0.png', 'fxzcloud', '7493281_fxzcloud_1644239239.png', 'png', 20151, '0', '2022-05-06 12:50:25', '2022-05-06 12:50:25', 'fxz', 'fxz');
INSERT INTO `sys_file` (`id`, `file_name`, `bucket_name`, `original`, `type`, `file_size`, `del_flag`, `create_time`, `update_time`, `create_by`, `update_by`) VALUES (1522537100704800770, 'bce82732d7894372a7f417d85d24d2dc.png', 'fxzcloud', '7493281_fxzcloud_1644239239.png', 'png', 20151, '0', '2022-05-06 19:21:47', '2022-05-06 19:21:47', 'fxz', 'fxz');
INSERT INTO `sys_file` (`id`, `file_name`, `bucket_name`, `original`, `type`, `file_size`, `del_flag`, `create_time`, `update_time`, `create_by`, `update_by`) VALUES (1522538556317032449, 'b9fc88b495ea4b8998e8bbd44e8de421.png', 'fxzcloud', '7493281_fxzcloud_1644239239.png', 'png', 20151, '0', '2022-05-06 19:27:34', '2022-05-06 19:27:34', 'fxz', 'fxz');
INSERT INTO `sys_file` (`id`, `file_name`, `bucket_name`, `original`, `type`, `file_size`, `del_flag`, `create_time`, `update_time`, `create_by`, `update_by`) VALUES (1522539082081427458, '4645610e95d24ad191e6bd91a281c10f.png', 'fxzcloud', '7493281_fxzcloud_1644239239.png', 'png', 20151, '0', '2022-05-06 19:29:39', '2022-05-06 19:29:39', 'fxz', 'fxz');
INSERT INTO `sys_file` (`id`, `file_name`, `bucket_name`, `original`, `type`, `file_size`, `del_flag`, `create_time`, `update_time`, `create_by`, `update_by`) VALUES (1522539156144447490, 'b1b0da45567b4bcf828762aca9886e99.png', 'fxzcloud', '7493281_fxzcloud_1644239239.png', 'png', 20151, '0', '2022-05-06 19:29:57', '2022-05-06 19:29:57', 'fxz', 'fxz');
INSERT INTO `sys_file` (`id`, `file_name`, `bucket_name`, `original`, `type`, `file_size`, `del_flag`, `create_time`, `update_time`, `create_by`, `update_by`) VALUES (1522539449108193281, '1400bf72048a4451adeedaa02221635f.png', 'fxzcloud', '7493281_fxzcloud_1644239239.png', 'png', 20151, '0', '2022-05-06 19:31:07', '2022-05-06 19:31:07', 'fxz', 'fxz');
INSERT INTO `sys_file` (`id`, `file_name`, `bucket_name`, `original`, `type`, `file_size`, `del_flag`, `create_time`, `update_time`, `create_by`, `update_by`) VALUES (1522539611373232130, '200ec3a246044179850a9fb3e20eb07d.jpeg', 'fxzcloud', '232902-16348301422b2a.jpeg', 'jpeg', 751072, '0', '2022-05-06 19:31:45', '2022-05-06 19:31:45', 'fxz', 'fxz');
INSERT INTO `sys_file` (`id`, `file_name`, `bucket_name`, `original`, `type`, `file_size`, `del_flag`, `create_time`, `update_time`, `create_by`, `update_by`) VALUES (1522539873311711234, '64b859f8a778435b95658f2a3c362c34.png', 'fxzcloud', '7493281_fxzcloud_1644239239.png', 'png', 20151, '0', '2022-05-06 19:32:48', '2022-05-06 19:32:48', 'fxz', 'fxz');
INSERT INTO `sys_file` (`id`, `file_name`, `bucket_name`, `original`, `type`, `file_size`, `del_flag`, `create_time`, `update_time`, `create_by`, `update_by`) VALUES (1522540484245643265, '2d60fba5e70c4d41942d6eab0fc62f5e.png', 'fxzcloud', '7493281_fxzcloud_1644239239.png', 'png', 20151, '0', '2022-05-06 19:35:14', '2022-05-06 19:35:14', 'fxz', 'fxz');
INSERT INTO `sys_file` (`id`, `file_name`, `bucket_name`, `original`, `type`, `file_size`, `del_flag`, `create_time`, `update_time`, `create_by`, `update_by`) VALUES (1522544485670379521, 'eadac04eac2d46d9a81814e80d4b622f.png', 'fxzcloud', '7493281_fxzcloud_1644239239.png', 'png', 20151, '0', '2022-05-06 19:51:08', '2022-05-06 19:51:08', 'fxz', 'fxz');
INSERT INTO `sys_file` (`id`, `file_name`, `bucket_name`, `original`, `type`, `file_size`, `del_flag`, `create_time`, `update_time`, `create_by`, `update_by`) VALUES (1522544968002756610, '9cf61e81ba9e4d15a6fd7fc59ed154ef.png', 'fxzcloud', '7493281_fxzcloud_1644239239.png', 'png', 20151, '0', '2022-05-06 19:53:03', '2022-05-06 19:53:03', 'fxz', 'fxz');
INSERT INTO `sys_file` (`id`, `file_name`, `bucket_name`, `original`, `type`, `file_size`, `del_flag`, `create_time`, `update_time`, `create_by`, `update_by`) VALUES (1522546364554993665, 'c46cb2f62e124c4aa9643cae2fbb7706.png', 'fxzcloud', '7493281_fxzcloud_1644239239.png', 'png', 20151, '0', '2022-05-06 19:58:36', '2022-05-06 19:58:36', 'fxz', 'fxz');
INSERT INTO `sys_file` (`id`, `file_name`, `bucket_name`, `original`, `type`, `file_size`, `del_flag`, `create_time`, `update_time`, `create_by`, `update_by`) VALUES (1522546386336014337, '71e666583dfc43e784946438a3628d7d.jpeg', 'fxzcloud', '235104-1627660264251e.jpeg', 'jpeg', 488520, '0', '2022-05-06 19:58:41', '2022-05-06 19:58:41', 'fxz', 'fxz');
INSERT INTO `sys_file` (`id`, `file_name`, `bucket_name`, `original`, `type`, `file_size`, `del_flag`, `create_time`, `update_time`, `create_by`, `update_by`) VALUES (1522546987237171202, '40b70c9d440b40679ec0c16950fc6539.png', 'fxzcloud', '7493281_fxzcloud_1644239239.png', 'png', 20151, '0', '2022-05-06 20:01:04', '2022-05-06 20:01:04', 'fxz', 'fxz');
INSERT INTO `sys_file` (`id`, `file_name`, `bucket_name`, `original`, `type`, `file_size`, `del_flag`, `create_time`, `update_time`, `create_by`, `update_by`) VALUES (1522547603275571202, 'c0462a909b6d4256ba323415ee1e1084.jpeg', 'fxzcloud', '232902-16348301422b2a.jpeg', 'jpeg', 751072, '0', '2022-05-06 20:03:31', '2022-05-06 20:03:31', 'fxz', 'fxz');
INSERT INTO `sys_file` (`id`, `file_name`, `bucket_name`, `original`, `type`, `file_size`, `del_flag`, `create_time`, `update_time`, `create_by`, `update_by`) VALUES (1522547748289437697, 'ef2831e931af442e953c441f5922b78a.png', 'fxzcloud', '7493281_fxzcloud_1644239239.png', 'png', 20151, '0', '2022-05-06 20:04:05', '2022-05-06 20:04:05', 'fxz', 'fxz');
INSERT INTO `sys_file` (`id`, `file_name`, `bucket_name`, `original`, `type`, `file_size`, `del_flag`, `create_time`, `update_time`, `create_by`, `update_by`) VALUES (1522548287102312449, '9b0fbc85df2d4e9e83ae9701443b647a.jpeg', 'fxzcloud', '235104-1627660264251e.jpeg', 'jpeg', 488520, '0', '2022-05-06 20:06:14', '2022-05-06 20:06:14', 'fxz', 'fxz');
INSERT INTO `sys_file` (`id`, `file_name`, `bucket_name`, `original`, `type`, `file_size`, `del_flag`, `create_time`, `update_time`, `create_by`, `update_by`) VALUES (1522550378654916609, '46feb6f95b9240aaa7711ec69a718ab2.jpeg', 'fxzcloud', '235104-1627660264251e.jpeg', 'jpeg', 488520, '0', '2022-05-06 20:14:33', '2022-05-06 20:14:33', 'fxz', 'fxz');
INSERT INTO `sys_file` (`id`, `file_name`, `bucket_name`, `original`, `type`, `file_size`, `del_flag`, `create_time`, `update_time`, `create_by`, `update_by`) VALUES (1522550692535656450, '4089d2a7bc874b228f9bb059c44a433e.jpeg', 'fxzcloud', '232902-16348301422b2a.jpeg', 'jpeg', 751072, '0', '2022-05-06 20:15:47', '2022-05-06 20:15:47', 'fxz', 'fxz');
INSERT INTO `sys_file` (`id`, `file_name`, `bucket_name`, `original`, `type`, `file_size`, `del_flag`, `create_time`, `update_time`, `create_by`, `update_by`) VALUES (1522550710323699713, '6ff1263fe01d4f3fb1560ca8aceef7fe.png', 'fxzcloud', '7493281_fxzcloud_1644239239.png', 'png', 20151, '0', '2022-05-06 20:15:52', '2022-05-06 20:15:52', 'fxz', 'fxz');
INSERT INTO `sys_file` (`id`, `file_name`, `bucket_name`, `original`, `type`, `file_size`, `del_flag`, `create_time`, `update_time`, `create_by`, `update_by`) VALUES (1522550753139154946, '25c4d2a5ef824887a76ea0c84e05ae18.png', 'fxzcloud', '7493281_fxzcloud_1644239239.png', 'png', 20151, '0', '2022-05-06 20:16:02', '2022-05-06 20:16:02', 'fxz', 'fxz');
INSERT INTO `sys_file` (`id`, `file_name`, `bucket_name`, `original`, `type`, `file_size`, `del_flag`, `create_time`, `update_time`, `create_by`, `update_by`) VALUES (1522551016717606914, 'd66b33a3e8ba4e1c84951a68ec7bab75.jpeg', 'fxzcloud', '235104-1627660264251e.jpeg', 'jpeg', 488520, '0', '2022-05-06 20:17:05', '2022-05-06 20:17:05', 'fxz', 'fxz');
INSERT INTO `sys_file` (`id`, `file_name`, `bucket_name`, `original`, `type`, `file_size`, `del_flag`, `create_time`, `update_time`, `create_by`, `update_by`) VALUES (1522551183340527617, '61481a5826f049e484b3786bfd759d8e.png', 'fxzcloud', '7493281_fxzcloud_1644239239.png', 'png', 20151, '0', '2022-05-06 20:17:44', '2022-05-06 20:17:44', 'fxz', 'fxz');
INSERT INTO `sys_file` (`id`, `file_name`, `bucket_name`, `original`, `type`, `file_size`, `del_flag`, `create_time`, `update_time`, `create_by`, `update_by`) VALUES (1522551331063914497, '2d17732bbb934c9ab6c870d228459878.png', 'fxzcloud', '7493281_fxzcloud_1644239239.png', 'png', 20151, '0', '2022-05-06 20:18:20', '2022-05-06 20:18:20', 'fxz', 'fxz');
INSERT INTO `sys_file` (`id`, `file_name`, `bucket_name`, `original`, `type`, `file_size`, `del_flag`, `create_time`, `update_time`, `create_by`, `update_by`) VALUES (1522552340666441730, 'fbac8ee803f44d859dfe6dc841606479.png', 'fxzcloud', '7493281_fxzcloud_1644239239.png', 'png', 20151, '0', '2022-05-06 20:22:20', '2022-05-06 20:22:20', 'fxz', 'fxz');
INSERT INTO `sys_file` (`id`, `file_name`, `bucket_name`, `original`, `type`, `file_size`, `del_flag`, `create_time`, `update_time`, `create_by`, `update_by`) VALUES (1522552493519462401, 'ed6e85c49014498ea3f84937fe609024.png', 'fxzcloud', '7493281_fxzcloud_1644239239.png', 'png', 20151, '0', '2022-05-06 20:22:57', '2022-05-06 20:22:57', 'fxz', 'fxz');
INSERT INTO `sys_file` (`id`, `file_name`, `bucket_name`, `original`, `type`, `file_size`, `del_flag`, `create_time`, `update_time`, `create_by`, `update_by`) VALUES (1522552962694307841, '5077c05eeba543ab84aef871029c6bef.jpeg', 'fxzcloud', '235104-1627660264251e.jpeg', 'jpeg', 488520, '0', '2022-05-06 20:24:49', '2022-05-06 20:24:49', 'fxz', 'fxz');
INSERT INTO `sys_file` (`id`, `file_name`, `bucket_name`, `original`, `type`, `file_size`, `del_flag`, `create_time`, `update_time`, `create_by`, `update_by`) VALUES (1522553123034161154, '80c80df5bc30414a8a79861a0e0c562c.png', 'fxzcloud', '7493281_fxzcloud_1644239239.png', 'png', 20151, '0', '2022-05-06 20:25:27', '2022-05-06 20:25:27', 'fxz', 'fxz');
INSERT INTO `sys_file` (`id`, `file_name`, `bucket_name`, `original`, `type`, `file_size`, `del_flag`, `create_time`, `update_time`, `create_by`, `update_by`) VALUES (1522553421731520514, '5f7919dd7f6445cdbcf2126642e93b7e.jpeg', 'fxzcloud', '235104-1627660264251e.jpeg', 'jpeg', 488520, '0', '2022-05-06 20:26:38', '2022-05-06 20:26:38', 'fxz', 'fxz');
INSERT INTO `sys_file` (`id`, `file_name`, `bucket_name`, `original`, `type`, `file_size`, `del_flag`, `create_time`, `update_time`, `create_by`, `update_by`) VALUES (1522554152039538690, '1a2ec7e8de804c97bcfc379efcf4630b.png', 'fxzcloud', '7493281_fxzcloud_1644239239.png', 'png', 20151, '0', '2022-05-06 20:29:32', '2022-05-06 20:29:32', 'fxz', 'fxz');
INSERT INTO `sys_file` (`id`, `file_name`, `bucket_name`, `original`, `type`, `file_size`, `del_flag`, `create_time`, `update_time`, `create_by`, `update_by`) VALUES (1522554168317632514, '4e9451d8721b4e93a1b35b0a169c1a4a.jpeg', 'fxzcloud', '235104-1627660264251e.jpeg', 'jpeg', 488520, '0', '2022-05-06 20:29:36', '2022-05-06 20:29:36', 'fxz', 'fxz');
INSERT INTO `sys_file` (`id`, `file_name`, `bucket_name`, `original`, `type`, `file_size`, `del_flag`, `create_time`, `update_time`, `create_by`, `update_by`) VALUES (1522554438451781634, '1e8b0ef365f7432b91eb8f8c3b8f782a.png', 'fxzcloud', '7493281_fxzcloud_1644239239.png', 'png', 20151, '0', '2022-05-06 20:30:40', '2022-05-06 20:30:40', 'fxz', 'fxz');
INSERT INTO `sys_file` (`id`, `file_name`, `bucket_name`, `original`, `type`, `file_size`, `del_flag`, `create_time`, `update_time`, `create_by`, `update_by`) VALUES (1522554451047276545, '8835e936d8f3406aafd9f2cd77fbc61c.jpeg', 'fxzcloud', '235104-1627660264251e.jpeg', 'jpeg', 488520, '0', '2022-05-06 20:30:43', '2022-05-06 20:30:43', 'fxz', 'fxz');
INSERT INTO `sys_file` (`id`, `file_name`, `bucket_name`, `original`, `type`, `file_size`, `del_flag`, `create_time`, `update_time`, `create_by`, `update_by`) VALUES (1522554505640337410, '4f1cfb50dedf423685de5aea6afa871d.jpeg', 'fxzcloud', '232902-16348301422b2a.jpeg', 'jpeg', 751072, '0', '2022-05-06 20:30:56', '2022-05-06 20:30:56', 'fxz', 'fxz');
INSERT INTO `sys_file` (`id`, `file_name`, `bucket_name`, `original`, `type`, `file_size`, `del_flag`, `create_time`, `update_time`, `create_by`, `update_by`) VALUES (1522556277578588161, 'bc699a61edb04fd3a743f7a04405740f.png', 'fxzcloud', '7493281_fxzcloud_1644239239.png', 'png', 20151, '0', '2022-05-06 20:37:59', '2022-05-06 20:37:59', 'fxz', 'fxz');
INSERT INTO `sys_file` (`id`, `file_name`, `bucket_name`, `original`, `type`, `file_size`, `del_flag`, `create_time`, `update_time`, `create_by`, `update_by`) VALUES (1522556318896676865, '5d37ffc1f6b549b3968bcdf5c1fb7bff.jpeg', 'fxzcloud', '235104-1627660264251e.jpeg', 'jpeg', 488520, '0', '2022-05-06 20:38:09', '2022-05-06 20:38:09', 'fxz', 'fxz');
INSERT INTO `sys_file` (`id`, `file_name`, `bucket_name`, `original`, `type`, `file_size`, `del_flag`, `create_time`, `update_time`, `create_by`, `update_by`) VALUES (1522556939603337218, 'aa7ee3abf2bf45de942c557d6822b07c.png', 'fxzcloud', '7493281_fxzcloud_1644239239.png', 'png', 20151, '0', '2022-05-06 20:40:37', '2022-05-06 20:40:37', 'fxz', 'fxz');
INSERT INTO `sys_file` (`id`, `file_name`, `bucket_name`, `original`, `type`, `file_size`, `del_flag`, `create_time`, `update_time`, `create_by`, `update_by`) VALUES (1522557015847395329, '6764ab8c10604e9991b142682412ebfb.jpeg', 'fxzcloud', '235104-1627660264251e.jpeg', 'jpeg', 488520, '0', '2022-05-06 20:40:55', '2022-05-06 20:40:55', 'fxz', 'fxz');
INSERT INTO `sys_file` (`id`, `file_name`, `bucket_name`, `original`, `type`, `file_size`, `del_flag`, `create_time`, `update_time`, `create_by`, `update_by`) VALUES (1522557227043184641, 'c124368917da482896025cb16f1c2e3b.png', 'fxzcloud', '7493281_fxzcloud_1644239239.png', 'png', 20151, '0', '2022-05-06 20:41:45', '2022-05-06 20:41:45', 'fxz', 'fxz');
INSERT INTO `sys_file` (`id`, `file_name`, `bucket_name`, `original`, `type`, `file_size`, `del_flag`, `create_time`, `update_time`, `create_by`, `update_by`) VALUES (1522557574310584322, '86b7df5fe74446658c553b80e6910b63.png', 'fxzcloud', '7493281_fxzcloud_1644239239.png', 'png', 20151, '0', '2022-05-06 20:43:08', '2022-05-06 20:43:08', 'fxz', 'fxz');
INSERT INTO `sys_file` (`id`, `file_name`, `bucket_name`, `original`, `type`, `file_size`, `del_flag`, `create_time`, `update_time`, `create_by`, `update_by`) VALUES (1522557637854289921, '015eac96b3a44465ac88c4b319c58bdf.png', 'fxzcloud', '7493281_fxzcloud_1644239239.png', 'png', 20151, '0', '2022-05-06 20:43:23', '2022-05-06 20:43:23', 'fxz', 'fxz');
INSERT INTO `sys_file` (`id`, `file_name`, `bucket_name`, `original`, `type`, `file_size`, `del_flag`, `create_time`, `update_time`, `create_by`, `update_by`) VALUES (1522558023113695234, '4aadcf35c201425d8c449dd265efb99c.png', 'fxzcloud', '7493281_fxzcloud_1644239239.png', 'png', 20151, '0', '2022-05-06 20:44:55', '2022-05-06 20:44:55', 'fxz', 'fxz');
INSERT INTO `sys_file` (`id`, `file_name`, `bucket_name`, `original`, `type`, `file_size`, `del_flag`, `create_time`, `update_time`, `create_by`, `update_by`) VALUES (1522558775710244866, '40decd347790409880f622d27f78ee97.png', 'fxzcloud', '7493281_fxzcloud_1644239239.png', 'png', 20151, '0', '2022-05-06 20:47:55', '2022-05-06 20:47:55', 'fxz', 'fxz');
INSERT INTO `sys_file` (`id`, `file_name`, `bucket_name`, `original`, `type`, `file_size`, `del_flag`, `create_time`, `update_time`, `create_by`, `update_by`) VALUES (1522558792223219714, '0de556ea889845bdaf7799745891cac3.jpeg', 'fxzcloud', '235104-1627660264251e.jpeg', 'jpeg', 488520, '0', '2022-05-06 20:47:58', '2022-05-06 20:47:58', 'fxz', 'fxz');
INSERT INTO `sys_file` (`id`, `file_name`, `bucket_name`, `original`, `type`, `file_size`, `del_flag`, `create_time`, `update_time`, `create_by`, `update_by`) VALUES (1522558879087255553, '960add8b4eaf4f838efaeb3cb7b30dff.png', 'fxzcloud', '7493281_fxzcloud_1644239239.png', 'png', 20151, '0', '2022-05-06 20:48:19', '2022-05-06 20:48:19', 'fxz', 'fxz');
INSERT INTO `sys_file` (`id`, `file_name`, `bucket_name`, `original`, `type`, `file_size`, `del_flag`, `create_time`, `update_time`, `create_by`, `update_by`) VALUES (1522558892253175809, '351b364599804a52b45f4802f1ce4036.jpeg', 'fxzcloud', '232902-16348301422b2a.jpeg', 'jpeg', 751072, '0', '2022-05-06 20:48:22', '2022-05-06 20:48:22', 'fxz', 'fxz');
INSERT INTO `sys_file` (`id`, `file_name`, `bucket_name`, `original`, `type`, `file_size`, `del_flag`, `create_time`, `update_time`, `create_by`, `update_by`) VALUES (1522558976202170370, '7cee506f05a04841abf79d95d1cb6e04.png', 'fxzcloud', '7493281_fxzcloud_1644239239.png', 'png', 20151, '0', '2022-05-06 20:48:42', '2022-05-06 20:48:42', 'fxz', 'fxz');
INSERT INTO `sys_file` (`id`, `file_name`, `bucket_name`, `original`, `type`, `file_size`, `del_flag`, `create_time`, `update_time`, `create_by`, `update_by`) VALUES (1522559475236265985, '609070202cd14abfb51aa5d00c582b1d.png', 'fxzcloud', '7493281_fxzcloud_1644239239.png', 'png', 20151, '0', '2022-05-06 20:50:41', '2022-05-06 20:50:41', 'fxz', 'fxz');
INSERT INTO `sys_file` (`id`, `file_name`, `bucket_name`, `original`, `type`, `file_size`, `del_flag`, `create_time`, `update_time`, `create_by`, `update_by`) VALUES (1522559549244760065, '334591d0a91c4163960e27bb270736f1.jpeg', 'fxzcloud', '235104-1627660264251e.jpeg', 'jpeg', 488520, '0', '2022-05-06 20:50:59', '2022-05-06 20:50:59', 'fxz', 'fxz');
INSERT INTO `sys_file` (`id`, `file_name`, `bucket_name`, `original`, `type`, `file_size`, `del_flag`, `create_time`, `update_time`, `create_by`, `update_by`) VALUES (1522559657743015938, '495ac93835c44df68f01405b56690390.png', 'fxzcloud', '7493281_fxzcloud_1644239239.png', 'png', 20151, '0', '2022-05-06 20:51:25', '2022-05-06 20:51:25', 'fxz', 'fxz');
INSERT INTO `sys_file` (`id`, `file_name`, `bucket_name`, `original`, `type`, `file_size`, `del_flag`, `create_time`, `update_time`, `create_by`, `update_by`) VALUES (1522559668937613313, 'e4fd96ff29b242379bbe6c426a38cff2.jpeg', 'fxzcloud', '235104-1627660264251e.jpeg', 'jpeg', 488520, '0', '2022-05-06 20:51:28', '2022-05-06 20:51:28', 'fxz', 'fxz');
INSERT INTO `sys_file` (`id`, `file_name`, `bucket_name`, `original`, `type`, `file_size`, `del_flag`, `create_time`, `update_time`, `create_by`, `update_by`) VALUES (1522559847480745985, 'a4e8a814cbc443219c3d2f2530f188a7.jpeg', 'fxzcloud', '235104-1627660264251e.jpeg', 'jpeg', 488520, '0', '2022-05-06 20:52:10', '2022-05-06 20:52:10', 'fxz', 'fxz');
INSERT INTO `sys_file` (`id`, `file_name`, `bucket_name`, `original`, `type`, `file_size`, `del_flag`, `create_time`, `update_time`, `create_by`, `update_by`) VALUES (1522561283602046978, 'e895fec691614d53935cc5be63280f24.png', 'fxzcloud', '7493281_fxzcloud_1644239239.png', 'png', 20151, '0', '2022-05-06 20:57:52', '2022-05-06 20:57:52', 'fxz', 'fxz');
INSERT INTO `sys_file` (`id`, `file_name`, `bucket_name`, `original`, `type`, `file_size`, `del_flag`, `create_time`, `update_time`, `create_by`, `update_by`) VALUES (1522563220930093058, '2de17f5c23ab4f33bf023abdb83d6ab5.png', 'fxzcloud', '7493281_fxzcloud_1644239239.png', 'png', 20151, '0', '2022-05-06 21:05:34', '2022-05-06 21:05:34', 'fxz', 'fxz');
INSERT INTO `sys_file` (`id`, `file_name`, `bucket_name`, `original`, `type`, `file_size`, `del_flag`, `create_time`, `update_time`, `create_by`, `update_by`) VALUES (1522563431161192449, 'a7d61a8e6b2d4029827fb61e71758a31.png', 'fxzcloud', '7493281_fxzcloud_1644239239.png', 'png', 20151, '0', '2022-05-06 21:06:25', '2022-05-06 21:06:25', 'fxz', 'fxz');
INSERT INTO `sys_file` (`id`, `file_name`, `bucket_name`, `original`, `type`, `file_size`, `del_flag`, `create_time`, `update_time`, `create_by`, `update_by`) VALUES (1522563458529026050, '13259579cdcb4ef698efb95d5689a088.jpeg', 'fxzcloud', '235104-1627660264251e.jpeg', 'jpeg', 488520, '0', '2022-05-06 21:06:31', '2022-05-06 21:06:31', 'fxz', 'fxz');
INSERT INTO `sys_file` (`id`, `file_name`, `bucket_name`, `original`, `type`, `file_size`, `del_flag`, `create_time`, `update_time`, `create_by`, `update_by`) VALUES (1522563509691146241, 'c63f3066092e41f5a894e3821f9cb04f.jpeg', 'fxzcloud', '235104-1627660264251e.jpeg', 'jpeg', 488520, '0', '2022-05-06 21:06:43', '2022-05-06 21:06:43', 'fxz', 'fxz');
INSERT INTO `sys_file` (`id`, `file_name`, `bucket_name`, `original`, `type`, `file_size`, `del_flag`, `create_time`, `update_time`, `create_by`, `update_by`) VALUES (1522563547452465153, '7584c4dab8b8401792a7ef0973412db0.jpeg', 'fxzcloud', '232902-16348301422b2a.jpeg', 'jpeg', 751072, '0', '2022-05-06 21:06:52', '2022-05-06 21:06:52', 'fxz', 'fxz');
INSERT INTO `sys_file` (`id`, `file_name`, `bucket_name`, `original`, `type`, `file_size`, `del_flag`, `create_time`, `update_time`, `create_by`, `update_by`) VALUES (1522563733247549442, '47b44bfa48374ad4a1707e7d25e141ba.jpeg', 'fxzcloud', '232902-16348301422b2a.jpeg', 'jpeg', 751072, '0', '2022-05-06 21:07:37', '2022-05-06 21:07:37', 'fxz', 'fxz');
INSERT INTO `sys_file` (`id`, `file_name`, `bucket_name`, `original`, `type`, `file_size`, `del_flag`, `create_time`, `update_time`, `create_by`, `update_by`) VALUES (1522564135342891010, 'a9f6f95bb8a140a8b3d855a0b75213f1.jpeg', 'fxzcloud', '235104-1627660264251e.jpeg', 'jpeg', 488520, '0', '2022-05-06 21:09:12', '2022-05-06 21:09:12', 'fxz', 'fxz');
INSERT INTO `sys_file` (`id`, `file_name`, `bucket_name`, `original`, `type`, `file_size`, `del_flag`, `create_time`, `update_time`, `create_by`, `update_by`) VALUES (1522564156901613569, '10c34de1f8a94bc2a55c8db23d9ff273.png', 'fxzcloud', '7493281_fxzcloud_1644239239.png', 'png', 20151, '0', '2022-05-06 21:09:18', '2022-05-06 21:09:18', 'fxz', 'fxz');
INSERT INTO `sys_file` (`id`, `file_name`, `bucket_name`, `original`, `type`, `file_size`, `del_flag`, `create_time`, `update_time`, `create_by`, `update_by`) VALUES (1522564192414785538, 'ee27531e446745bf9f64c154b391543b.png', 'fxzcloud', '7493281_fxzcloud_1644239239.png', 'png', 20151, '0', '2022-05-06 21:09:26', '2022-05-06 21:09:26', 'fxz', 'fxz');
INSERT INTO `sys_file` (`id`, `file_name`, `bucket_name`, `original`, `type`, `file_size`, `del_flag`, `create_time`, `update_time`, `create_by`, `update_by`) VALUES (1522564299315011586, 'a620045d50d74d56982e5665d7b28acd.png', 'fxzcloud', '7493281_fxzcloud_1644239239.png', 'png', 20151, '0', '2022-05-06 21:09:51', '2022-05-06 21:09:51', 'fxz', 'fxz');
INSERT INTO `sys_file` (`id`, `file_name`, `bucket_name`, `original`, `type`, `file_size`, `del_flag`, `create_time`, `update_time`, `create_by`, `update_by`) VALUES (1522564468794253313, '8efd2a4388254f4a89321ecf80ae804f.jpeg', 'fxzcloud', '235104-1627660264251e.jpeg', 'jpeg', 488520, '0', '2022-05-06 21:10:32', '2022-05-06 21:10:32', 'fxz', 'fxz');
INSERT INTO `sys_file` (`id`, `file_name`, `bucket_name`, `original`, `type`, `file_size`, `del_flag`, `create_time`, `update_time`, `create_by`, `update_by`) VALUES (1522564483071664129, '994181950e76406aadf54e1bb334c6b2.png', 'fxzcloud', '7493281_fxzcloud_1644239239.png', 'png', 20151, '0', '2022-05-06 21:10:35', '2022-05-06 21:10:35', 'fxz', 'fxz');
INSERT INTO `sys_file` (`id`, `file_name`, `bucket_name`, `original`, `type`, `file_size`, `del_flag`, `create_time`, `update_time`, `create_by`, `update_by`) VALUES (1522564566819332097, '7934144874b54fe0b48985a2d73050f1.jpeg', 'fxzcloud', '235104-1627660264251e.jpeg', 'jpeg', 488520, '0', '2022-05-06 21:10:55', '2022-05-06 21:10:55', 'fxz', 'fxz');
INSERT INTO `sys_file` (`id`, `file_name`, `bucket_name`, `original`, `type`, `file_size`, `del_flag`, `create_time`, `update_time`, `create_by`, `update_by`) VALUES (1522564592819822593, '4cc86ab8ce8844b784d1a27df8848e56.jpeg', 'fxzcloud', '232902-16348301422b2a.jpeg', 'jpeg', 751072, '0', '2022-05-06 21:11:01', '2022-05-06 21:11:01', 'fxz', 'fxz');
INSERT INTO `sys_file` (`id`, `file_name`, `bucket_name`, `original`, `type`, `file_size`, `del_flag`, `create_time`, `update_time`, `create_by`, `update_by`) VALUES (1522575440103661569, '8803afd01b464730b2fcb7bb3bb6a627.png', 'fxzcloud', '7493281_fxzcloud_1644239239.png', 'png', 20151, '0', '2022-05-06 21:54:08', '2022-05-06 21:54:08', 'fxz', 'fxz');
INSERT INTO `sys_file` (`id`, `file_name`, `bucket_name`, `original`, `type`, `file_size`, `del_flag`, `create_time`, `update_time`, `create_by`, `update_by`) VALUES (1522577040398409729, '9c6903dbe0f7458c9f5cc7d887bc8a6f.zip', 'fxzcloud', 'Photo Booth图库.zip', 'zip', 634, '0', '2022-05-06 22:00:29', '2022-05-06 22:00:29', 'fxz', 'fxz');
INSERT INTO `sys_file` (`id`, `file_name`, `bucket_name`, `original`, `type`, `file_size`, `del_flag`, `create_time`, `update_time`, `create_by`, `update_by`) VALUES (1522577051844665346, '1a5f14646e4d46f6a330f3867764ebbf.png', 'fxzcloud', '7493281_fxzcloud_1644239239.png', 'png', 20151, '0', '2022-05-06 22:00:32', '2022-05-06 22:00:32', 'fxz', 'fxz');
INSERT INTO `sys_file` (`id`, `file_name`, `bucket_name`, `original`, `type`, `file_size`, `del_flag`, `create_time`, `update_time`, `create_by`, `update_by`) VALUES (1522577061642559490, '72be4ae73a3b4d80a38e99ef20d431ae.jpeg', 'fxzcloud', '232902-16348301422b2a.jpeg', 'jpeg', 751072, '0', '2022-05-06 22:00:34', '2022-05-06 22:00:34', 'fxz', 'fxz');
INSERT INTO `sys_file` (`id`, `file_name`, `bucket_name`, `original`, `type`, `file_size`, `del_flag`, `create_time`, `update_time`, `create_by`, `update_by`) VALUES (1522769643496595458, '4ecdf71821a34b01801f8ddbb57b99fc.png', 'fxzcloud', '7493281_fxzcloud_1644239239.png', 'png', 20151, '0', '2022-05-07 10:45:49', '2022-05-07 10:45:49', 'fxz', 'fxz');
INSERT INTO `sys_file` (`id`, `file_name`, `bucket_name`, `original`, `type`, `file_size`, `del_flag`, `create_time`, `update_time`, `create_by`, `update_by`) VALUES (1522769660449972226, '20cfd4541b034f05bc79b1646e4bfe39.jpeg', 'fxzcloud', '235104-1627660264251e.jpeg', 'jpeg', 488520, '0', '2022-05-07 10:45:53', '2022-05-07 10:45:53', 'fxz', 'fxz');
INSERT INTO `sys_file` (`id`, `file_name`, `bucket_name`, `original`, `type`, `file_size`, `del_flag`, `create_time`, `update_time`, `create_by`, `update_by`) VALUES (1522769697863163905, '08074901258a4d02af8b38bfc3d5022c.jpeg', 'fxzcloud', '232902-16348301422b2a.jpeg', 'jpeg', 751072, '0', '2022-05-07 10:46:02', '2022-05-07 10:46:02', 'fxz', 'fxz');
INSERT INTO `sys_file` (`id`, `file_name`, `bucket_name`, `original`, `type`, `file_size`, `del_flag`, `create_time`, `update_time`, `create_by`, `update_by`) VALUES (1522811372811640833, 'f8c8716d0dd64ec1a569e29014605dc2.png', 'fxzcloud', '7493281_fxzcloud_1644239239.png', 'png', 20151, '0', '2022-05-07 13:31:38', '2022-05-07 13:31:38', 'fxz', 'fxz');
INSERT INTO `sys_file` (`id`, `file_name`, `bucket_name`, `original`, `type`, `file_size`, `del_flag`, `create_time`, `update_time`, `create_by`, `update_by`) VALUES (1522832280850849793, 'c915604663a34f92a3f003790e45fcf6.png', 'fxzcloud', '7493281_fxzcloud_1644239239.png', 'png', 20151, '0', '2022-05-07 14:54:43', '2022-05-07 14:54:43', 'fxz', 'fxz');
INSERT INTO `sys_file` (`id`, `file_name`, `bucket_name`, `original`, `type`, `file_size`, `del_flag`, `create_time`, `update_time`, `create_by`, `update_by`) VALUES (1522832291403718657, '1e542ec5851749598718294366fe9396.jpeg', 'fxzcloud', '232902-16348301422b2a.jpeg', 'jpeg', 751072, '0', '2022-05-07 14:54:46', '2022-05-07 14:54:46', 'fxz', 'fxz');
INSERT INTO `sys_file` (`id`, `file_name`, `bucket_name`, `original`, `type`, `file_size`, `del_flag`, `create_time`, `update_time`, `create_by`, `update_by`) VALUES (1522835146516783105, '1dc5027940e841bababa2acaa1d804ae.png', 'fxzcloud', '7493281_fxzcloud_1644239239.png', 'png', 20151, '0', '2022-05-07 15:06:06', '2022-05-07 15:06:06', 'fxz', 'fxz');
INSERT INTO `sys_file` (`id`, `file_name`, `bucket_name`, `original`, `type`, `file_size`, `del_flag`, `create_time`, `update_time`, `create_by`, `update_by`) VALUES (1522835160697724929, '0e9f867ffc3c489ca6f4f38f3062147f.jpeg', 'fxzcloud', '235104-1627660264251e.jpeg', 'jpeg', 488520, '0', '2022-05-07 15:06:10', '2022-05-07 15:06:10', 'fxz', 'fxz');
INSERT INTO `sys_file` (`id`, `file_name`, `bucket_name`, `original`, `type`, `file_size`, `del_flag`, `create_time`, `update_time`, `create_by`, `update_by`) VALUES (1522902571597750274, '791974a491254ea3a53b5dac60ca03af.png', 'fxzcloud', '7493281_fxzcloud_1644239239.png', 'png', 20151, '0', '2022-05-07 19:34:02', '2022-05-07 19:34:02', 'fxz', 'fxz');
INSERT INTO `sys_file` (`id`, `file_name`, `bucket_name`, `original`, `type`, `file_size`, `del_flag`, `create_time`, `update_time`, `create_by`, `update_by`) VALUES (1522902583425687554, '5ac8f81021f94539a5dd13c46cbc4595.jpeg', 'fxzcloud', '235104-1627660264251e.jpeg', 'jpeg', 488520, '0', '2022-05-07 19:34:05', '2022-05-07 19:34:05', 'fxz', 'fxz');
INSERT INTO `sys_file` (`id`, `file_name`, `bucket_name`, `original`, `type`, `file_size`, `del_flag`, `create_time`, `update_time`, `create_by`, `update_by`) VALUES (1522930806322667521, 'b1297b4b85bd4253b8b0799b30279e14.png', 'fxzcloud', '7493281_fxzcloud_1644239239.png', 'png', 20151, '0', '2022-05-07 21:26:14', '2022-05-07 21:26:14', 'fxz', 'fxz');
INSERT INTO `sys_file` (`id`, `file_name`, `bucket_name`, `original`, `type`, `file_size`, `del_flag`, `create_time`, `update_time`, `create_by`, `update_by`) VALUES (1522930818804916225, 'cae95617699541d6a25bbd478566582c.jpeg', 'fxzcloud', '232902-16348301422b2a.jpeg', 'jpeg', 751072, '0', '2022-05-07 21:26:17', '2022-05-07 21:26:17', 'fxz', 'fxz');
INSERT INTO `sys_file` (`id`, `file_name`, `bucket_name`, `original`, `type`, `file_size`, `del_flag`, `create_time`, `update_time`, `create_by`, `update_by`) VALUES (1522934343228235778, '83c63debabbf4319820bec66a55ccd2d.png', 'fxzcloud', '7493281_fxzcloud_1644239239.png', 'png', 20151, '0', '2022-05-07 21:40:17', '2022-05-07 21:40:17', 'fxz', 'fxz');
INSERT INTO `sys_file` (`id`, `file_name`, `bucket_name`, `original`, `type`, `file_size`, `del_flag`, `create_time`, `update_time`, `create_by`, `update_by`) VALUES (1522934373230092289, 'b4b1916a49c74868934213cc4e4363b7.jpeg', 'fxzcloud', '235104-1627660264251e.jpeg', 'jpeg', 488520, '0', '2022-05-07 21:40:24', '2022-05-07 21:40:24', 'fxz', 'fxz');
INSERT INTO `sys_file` (`id`, `file_name`, `bucket_name`, `original`, `type`, `file_size`, `del_flag`, `create_time`, `update_time`, `create_by`, `update_by`) VALUES (1522936593182924802, '18365c8075434077bb875353e14acb12.png', 'fxzcloud', '7493281_fxzcloud_1644239239.png', 'png', 20151, '0', '2022-05-07 21:49:13', '2022-05-07 21:49:13', 'fxz', 'fxz');
INSERT INTO `sys_file` (`id`, `file_name`, `bucket_name`, `original`, `type`, `file_size`, `del_flag`, `create_time`, `update_time`, `create_by`, `update_by`) VALUES (1522942500189061121, '358f2b3d473648269045e5ceccc13814.png', 'fxzcloud', '7493281_fxzcloud_1644239239.png', 'png', 20151, '0', '2022-05-07 22:12:42', '2022-05-07 22:12:42', 'fxz', 'fxz');
INSERT INTO `sys_file` (`id`, `file_name`, `bucket_name`, `original`, `type`, `file_size`, `del_flag`, `create_time`, `update_time`, `create_by`, `update_by`) VALUES (1522942510477688833, 'ff20ac61d9414e379070d91c164b14fa.jpeg', 'fxzcloud', '235104-1627660264251e.jpeg', 'jpeg', 488520, '0', '2022-05-07 22:12:44', '2022-05-07 22:12:44', 'fxz', 'fxz');
INSERT INTO `sys_file` (`id`, `file_name`, `bucket_name`, `original`, `type`, `file_size`, `del_flag`, `create_time`, `update_time`, `create_by`, `update_by`) VALUES (1522942733279117313, '73109985f11248e5a5eb55ccddb61fed.png', 'fxzcloud', '7493281_fxzcloud_1644239239.png', 'png', 20151, '0', '2022-05-07 22:13:37', '2022-05-07 22:13:37', 'fxz', 'fxz');
INSERT INTO `sys_file` (`id`, `file_name`, `bucket_name`, `original`, `type`, `file_size`, `del_flag`, `create_time`, `update_time`, `create_by`, `update_by`) VALUES (1522944365173751810, 'fd4f493800c94e5a95bbbc24c4a61955.png', 'fxzcloud', '7493281_fxzcloud_1644239239.png', 'png', 20151, '0', '2022-05-07 22:20:06', '2022-05-07 22:20:06', 'fxz', 'fxz');
INSERT INTO `sys_file` (`id`, `file_name`, `bucket_name`, `original`, `type`, `file_size`, `del_flag`, `create_time`, `update_time`, `create_by`, `update_by`) VALUES (1522944690672713729, 'd7fb5fc3bfaf4e8a9d98c4f96824f93c.png', 'fxzcloud', '7493281_fxzcloud_1644239239.png', 'png', 20151, '0', '2022-05-07 22:21:24', '2022-05-07 22:21:24', 'fxz', 'fxz');
INSERT INTO `sys_file` (`id`, `file_name`, `bucket_name`, `original`, `type`, `file_size`, `del_flag`, `create_time`, `update_time`, `create_by`, `update_by`) VALUES (1522946031797223425, '46dbf608c94746db8a172e6196ce5435.png', 'fxzcloud', '7493281_fxzcloud_1644239239.png', 'png', 20151, '0', '2022-05-07 22:26:44', '2022-05-07 22:26:44', 'fxz', 'fxz');
INSERT INTO `sys_file` (`id`, `file_name`, `bucket_name`, `original`, `type`, `file_size`, `del_flag`, `create_time`, `update_time`, `create_by`, `update_by`) VALUES (1522946236730916865, '18603592738c4e82800368423caa1eb6.png', 'fxzcloud', '7493281_fxzcloud_1644239239.png', 'png', 20151, '0', '2022-05-07 22:27:32', '2022-05-07 22:27:32', 'fxz', 'fxz');
INSERT INTO `sys_file` (`id`, `file_name`, `bucket_name`, `original`, `type`, `file_size`, `del_flag`, `create_time`, `update_time`, `create_by`, `update_by`) VALUES (1522947418446708737, 'a982df1f75284b039ffb5945a271a9fe.jpeg', 'fxzcloud', '235104-1627660264251e.jpeg', 'jpeg', 488520, '0', '2022-05-07 22:32:14', '2022-05-07 22:32:14', 'fxz', 'fxz');
INSERT INTO `sys_file` (`id`, `file_name`, `bucket_name`, `original`, `type`, `file_size`, `del_flag`, `create_time`, `update_time`, `create_by`, `update_by`) VALUES (1522947427271524353, 'b5cdf09198b54175971bafa2aa4f5b76.png', 'fxzcloud', '7493281_fxzcloud_1644239239.png', 'png', 20151, '0', '2022-05-07 22:32:16', '2022-05-07 22:32:16', 'fxz', 'fxz');
INSERT INTO `sys_file` (`id`, `file_name`, `bucket_name`, `original`, `type`, `file_size`, `del_flag`, `create_time`, `update_time`, `create_by`, `update_by`) VALUES (1522950909667917825, '47657feb046845c297104c77ce421df0.jpeg', 'fxzcloud', '232902-16348301422b2a.jpeg', 'jpeg', 751072, '0', '2022-05-07 22:46:07', '2022-05-07 22:46:07', 'fxz', 'fxz');
INSERT INTO `sys_file` (`id`, `file_name`, `bucket_name`, `original`, `type`, `file_size`, `del_flag`, `create_time`, `update_time`, `create_by`, `update_by`) VALUES (1522951722922491906, 'c483c098f4124eb4a27e900250f1e1d4.png', 'fxzcloud', '7493281_fxzcloud_1644239239.png', 'png', 20151, '0', '2022-05-07 22:49:20', '2022-05-07 22:49:20', 'fxz', 'fxz');
INSERT INTO `sys_file` (`id`, `file_name`, `bucket_name`, `original`, `type`, `file_size`, `del_flag`, `create_time`, `update_time`, `create_by`, `update_by`) VALUES (1522952487934181377, 'dcf5a3c8f30d4ca6b29f53fa1548ec60.jpeg', 'fxzcloud', '235104-1627660264251e.jpeg', 'jpeg', 488520, '0', '2022-05-07 22:52:23', '2022-05-07 22:52:23', 'fxz', 'fxz');
INSERT INTO `sys_file` (`id`, `file_name`, `bucket_name`, `original`, `type`, `file_size`, `del_flag`, `create_time`, `update_time`, `create_by`, `update_by`) VALUES (1522956656241885186, '6800f7020c7a4aaf846db2651d609f0c.png', 'fxzcloud', '7493281_fxzcloud_1644239239.png', 'png', 20151, '0', '2022-05-07 23:08:57', '2022-05-07 23:08:57', 'fxz', 'fxz');
COMMIT;

-- ----------------------------
-- Table structure for sys_menu
-- ----------------------------
DROP TABLE IF EXISTS `sys_menu`;
CREATE TABLE `sys_menu` (
  `id` bigint(20) NOT NULL AUTO_INCREMENT COMMENT '菜单/按钮ID',
  `parent_id` bigint(20) NOT NULL COMMENT '上级菜单ID',
  `title` varchar(20) CHARACTER SET utf8 COLLATE utf8_general_ci DEFAULT NULL COMMENT 'title',
  `name` varchar(50) CHARACTER SET utf8 COLLATE utf8_general_ci NOT NULL COMMENT '菜单/按钮名称',
  `perms` varchar(50) CHARACTER SET utf8 COLLATE utf8_general_ci DEFAULT NULL COMMENT '权限标识(多个用逗号分隔，如：user:list,user:create)',
  `type` char(2) CHARACTER SET utf8 COLLATE utf8_general_ci NOT NULL COMMENT '类型 0菜单 1按钮',
  `component` varchar(255) CHARACTER SET utf8 COLLATE utf8_general_ci DEFAULT NULL COMMENT '对应路由组件component',
  `path` varchar(255) CHARACTER SET utf8 COLLATE utf8_general_ci DEFAULT NULL COMMENT '对应路由path',
  `redirect` varchar(255) CHARACTER SET utf8 COLLATE utf8_general_ci DEFAULT NULL COMMENT '重定向',
  `icon` varchar(50) CHARACTER SET utf8 COLLATE utf8_general_ci DEFAULT NULL COMMENT '图标',
  `keep_alive` tinyint(4) DEFAULT '1' COMMENT '是否缓存 0:否 1:是',
  `order_num` double(20,0) DEFAULT NULL COMMENT '排序',
  `create_time` datetime NOT NULL COMMENT '创建时间',
  `update_time` datetime DEFAULT NULL COMMENT '修改时间',
  `create_by` varchar(100) CHARACTER SET utf8 COLLATE utf8_general_ci DEFAULT NULL COMMENT '创建人',
  `update_by` varchar(100) CHARACTER SET utf8 COLLATE utf8_general_ci DEFAULT NULL COMMENT '更新人',
  `hidden` char(10) CHARACTER SET utf8 COLLATE utf8_general_ci DEFAULT '0' COMMENT '是否隐藏(1 隐藏 0 不隐藏)',
  PRIMARY KEY (`id`) USING BTREE
) ENGINE=InnoDB AUTO_INCREMENT=100031 DEFAULT CHARSET=utf8 ROW_FORMAT=DYNAMIC COMMENT='菜单表';

-- ----------------------------
-- Records of sys_menu
-- ----------------------------
BEGIN;
INSERT INTO `sys_menu` (`id`, `parent_id`, `title`, `name`, `perms`, `type`, `component`, `path`, `redirect`, `icon`, `keep_alive`, `order_num`, `create_time`, `update_time`, `create_by`, `update_by`, `hidden`) VALUES (1, 0, '仪表盘', 'dashboard', 'dashboard', '0', 'RouteView', '/dashboard', NULL, 'code-sandbox', 1, 1, '2022-01-23 16:39:07', '2022-04-04 17:28:31', NULL, 'fxz', '0');
INSERT INTO `sys_menu` (`id`, `parent_id`, `title`, `name`, `perms`, `type`, `component`, `path`, `redirect`, `icon`, `keep_alive`, `order_num`, `create_time`, `update_time`, `create_by`, `update_by`, `hidden`) VALUES (2, 1, '分析页', 'Analysis', 'dashboard', '0', 'dashboard/Analysis', '/dashboard/analysis', NULL, 'form', 1, 1, '2022-01-23 16:47:13', '2022-04-04 17:30:25', NULL, 'fxz', '0');
INSERT INTO `sys_menu` (`id`, `parent_id`, `title`, `name`, `perms`, `type`, `component`, `path`, `redirect`, `icon`, `keep_alive`, `order_num`, `create_time`, `update_time`, `create_by`, `update_by`, `hidden`) VALUES (3, 1, '工作台', 'Workplace', 'dashboard', '0', 'dashboard/Workplace', '/dashboard/workplace', NULL, 'highlight', 1, 1, '2022-01-23 17:02:58', '2022-04-04 17:30:41', NULL, 'fxz', '0');
INSERT INTO `sys_menu` (`id`, `parent_id`, `title`, `name`, `perms`, `type`, `component`, `path`, `redirect`, `icon`, `keep_alive`, `order_num`, `create_time`, `update_time`, `create_by`, `update_by`, `hidden`) VALUES (4, 0, '个人页', 'account', 'user', '0', 'RouteView', '/account', '', 'aliwangwang', 1, 2, '2022-01-23 17:04:07', '2022-04-04 17:29:00', NULL, 'fxz', '1');
INSERT INTO `sys_menu` (`id`, `parent_id`, `title`, `name`, `perms`, `type`, `component`, `path`, `redirect`, `icon`, `keep_alive`, `order_num`, `create_time`, `update_time`, `create_by`, `update_by`, `hidden`) VALUES (5, 4, '个人中心', 'center', 'user', '0', 'account/center', '/account/center', NULL, NULL, 1, 2, '2022-01-23 17:04:58', NULL, NULL, NULL, NULL);
INSERT INTO `sys_menu` (`id`, `parent_id`, `title`, `name`, `perms`, `type`, `component`, `path`, `redirect`, `icon`, `keep_alive`, `order_num`, `create_time`, `update_time`, `create_by`, `update_by`, `hidden`) VALUES (6, 4, '个人设置', 'settings', 'user', '0', 'account/settings/Index', '/account/settings', NULL, NULL, 1, 2, '2022-01-18 14:44:25', NULL, NULL, NULL, '1');
INSERT INTO `sys_menu` (`id`, `parent_id`, `title`, `name`, `perms`, `type`, `component`, `path`, `redirect`, `icon`, `keep_alive`, `order_num`, `create_time`, `update_time`, `create_by`, `update_by`, `hidden`) VALUES (7, 6, '基本设置', 'BaseSettings', 'user', '0', 'account/settings/BaseSetting', '/account/settings/base', NULL, NULL, 1, 2, '2022-01-18 14:48:57', NULL, NULL, NULL, '0');
INSERT INTO `sys_menu` (`id`, `parent_id`, `title`, `name`, `perms`, `type`, `component`, `path`, `redirect`, `icon`, `keep_alive`, `order_num`, `create_time`, `update_time`, `create_by`, `update_by`, `hidden`) VALUES (8, 6, '安全设置', 'SecuritySettings', 'user', '0', 'account/settings/Security', '/account/settings/security', NULL, NULL, 1, 2, '2022-01-18 14:49:39', NULL, NULL, NULL, NULL);
INSERT INTO `sys_menu` (`id`, `parent_id`, `title`, `name`, `perms`, `type`, `component`, `path`, `redirect`, `icon`, `keep_alive`, `order_num`, `create_time`, `update_time`, `create_by`, `update_by`, `hidden`) VALUES (9, 6, '个性化设置', 'CustomSettings', 'user', '0', 'account/settings/Custom', '/account/settings/custom', NULL, NULL, 1, 2, '2022-01-18 14:50:17', NULL, NULL, NULL, NULL);
INSERT INTO `sys_menu` (`id`, `parent_id`, `title`, `name`, `perms`, `type`, `component`, `path`, `redirect`, `icon`, `keep_alive`, `order_num`, `create_time`, `update_time`, `create_by`, `update_by`, `hidden`) VALUES (10, 6, '账户绑定', 'BindingSettings', 'user', '0', 'account/settings/Binding', '/account/settings/binding', NULL, NULL, 1, 2, '2022-01-18 14:50:58', NULL, NULL, NULL, NULL);
INSERT INTO `sys_menu` (`id`, `parent_id`, `title`, `name`, `perms`, `type`, `component`, `path`, `redirect`, `icon`, `keep_alive`, `order_num`, `create_time`, `update_time`, `create_by`, `update_by`, `hidden`) VALUES (11, 6, '新消息通知', 'NotificationSettings', 'user', '0', 'account/settings/Notification', '/account/settings/notification', NULL, NULL, 1, 2, '2022-01-18 14:51:31', NULL, NULL, NULL, NULL);
INSERT INTO `sys_menu` (`id`, `parent_id`, `title`, `name`, `perms`, `type`, `component`, `path`, `redirect`, `icon`, `keep_alive`, `order_num`, `create_time`, `update_time`, `create_by`, `update_by`, `hidden`) VALUES (12, 0, '欢迎页', 'welcome', 'welcome', '0', 'index/welcome', '/welcome', '', 'twitter', 1, 0, '2022-01-18 16:22:11', '2022-04-04 17:34:43', NULL, 'fxz', '0');
INSERT INTO `sys_menu` (`id`, `parent_id`, `title`, `name`, `perms`, `type`, `component`, `path`, `redirect`, `icon`, `keep_alive`, `order_num`, `create_time`, `update_time`, `create_by`, `update_by`, `hidden`) VALUES (20, 0, '系统管理', 'permissions', 'sys', '0', 'RouteView', '/permissions', NULL, 'rocket', 1, 3, '2022-01-23 16:52:53', '2022-04-05 16:17:42', NULL, 'fxz', '0');
INSERT INTO `sys_menu` (`id`, `parent_id`, `title`, `name`, `perms`, `type`, `component`, `path`, `redirect`, `icon`, `keep_alive`, `order_num`, `create_time`, `update_time`, `create_by`, `update_by`, `hidden`) VALUES (21, 20, '菜单管理', 'menu', 'sys:menu', '0', 'modules/system/menu/menu', '/permissions/menu', NULL, 'idcard', 1, 0, '2022-01-23 16:55:48', '2022-04-04 17:31:22', NULL, 'fxz', '0');
INSERT INTO `sys_menu` (`id`, `parent_id`, `title`, `name`, `perms`, `type`, `component`, `path`, `redirect`, `icon`, `keep_alive`, `order_num`, `create_time`, `update_time`, `create_by`, `update_by`, `hidden`) VALUES (29, 21, '添加菜单', 'saveMenu', 'sys:menu:save', '1', NULL, NULL, NULL, NULL, 1, 1, '2022-01-23 18:16:31', NULL, NULL, NULL, '1');
INSERT INTO `sys_menu` (`id`, `parent_id`, `title`, `name`, `perms`, `type`, `component`, `path`, `redirect`, `icon`, `keep_alive`, `order_num`, `create_time`, `update_time`, `create_by`, `update_by`, `hidden`) VALUES (100006, 20, '用户管理', 'user', 'sys:user', '0', 'modules/system/user/userList.vue', '/permissions/user', NULL, 'user', 1, 1, '2022-02-27 09:35:00', '2022-04-05 20:24:14', NULL, 'fxz', '0');
INSERT INTO `sys_menu` (`id`, `parent_id`, `title`, `name`, `perms`, `type`, `component`, `path`, `redirect`, `icon`, `keep_alive`, `order_num`, `create_time`, `update_time`, `create_by`, `update_by`, `hidden`) VALUES (100007, 20, '角色管理', 'role', 'sys:role', '0', 'modules/system/role/RoleList.vue', '/permissions/role', NULL, 'woman', 1, 2, '2022-02-27 09:43:02', '2022-04-05 20:24:23', NULL, 'fxz', '0');
INSERT INTO `sys_menu` (`id`, `parent_id`, `title`, `name`, `perms`, `type`, `component`, `path`, `redirect`, `icon`, `keep_alive`, `order_num`, `create_time`, `update_time`, `create_by`, `update_by`, `hidden`) VALUES (100008, 20, '部门管理', 'dept', 'dept', '0', 'modules/system/dept/DeptList.vue', '/permissions/dept', NULL, 'contacts', 1, 3, '2022-02-27 10:15:46', '2022-04-05 20:24:37', NULL, 'fxz', '0');
INSERT INTO `sys_menu` (`id`, `parent_id`, `title`, `name`, `perms`, `type`, `component`, `path`, `redirect`, `icon`, `keep_alive`, `order_num`, `create_time`, `update_time`, `create_by`, `update_by`, `hidden`) VALUES (100009, 100006, '分页查看用户信息', 'sys:user:view', 'sys:user:view', '1', 'sys:user:view', '/sys/user/list', NULL, NULL, 1, 1, '2022-02-27 13:43:05', NULL, NULL, NULL, '0');
INSERT INTO `sys_menu` (`id`, `parent_id`, `title`, `name`, `perms`, `type`, `component`, `path`, `redirect`, `icon`, `keep_alive`, `order_num`, `create_time`, `update_time`, `create_by`, `update_by`, `hidden`) VALUES (100010, 100006, '更新用户信息', 'sys:user:update', 'sys:user:update', '1', NULL, 'sys:user:update', NULL, NULL, 1, NULL, '2022-02-27 17:05:44', NULL, NULL, NULL, '0');
INSERT INTO `sys_menu` (`id`, `parent_id`, `title`, `name`, `perms`, `type`, `component`, `path`, `redirect`, `icon`, `keep_alive`, `order_num`, `create_time`, `update_time`, `create_by`, `update_by`, `hidden`) VALUES (100011, 100006, '新增用户信息', 'sys:user:add', 'sys:user:add', '1', NULL, 'sys:user:add', NULL, NULL, 1, NULL, '2022-02-27 18:07:12', NULL, NULL, NULL, '0');
INSERT INTO `sys_menu` (`id`, `parent_id`, `title`, `name`, `perms`, `type`, `component`, `path`, `redirect`, `icon`, `keep_alive`, `order_num`, `create_time`, `update_time`, `create_by`, `update_by`, `hidden`) VALUES (100012, 0, '系统工具', 'sysTool', 'sysTool', '0', 'RouteView', '/sysTool', NULL, 'shopping-cart', 1, 4, '2022-03-04 09:14:37', '2022-04-05 16:18:24', NULL, 'fxz', '0');
INSERT INTO `sys_menu` (`id`, `parent_id`, `title`, `name`, `perms`, `type`, `component`, `path`, `redirect`, `icon`, `keep_alive`, `order_num`, `create_time`, `update_time`, `create_by`, `update_by`, `hidden`) VALUES (100013, 100012, '代码生成器', 'genCode', 'sysTool:genCode', '0', 'modules/system/gen/CodeGenIndex.vue', '/sysTool/genCode', NULL, 'area-chart', 1, 1, '2022-03-04 09:19:37', '2022-04-04 17:33:00', NULL, 'fxz', '0');
INSERT INTO `sys_menu` (`id`, `parent_id`, `title`, `name`, `perms`, `type`, `component`, `path`, `redirect`, `icon`, `keep_alive`, `order_num`, `create_time`, `update_time`, `create_by`, `update_by`, `hidden`) VALUES (100016, 100012, '数据源管理', 'DatasourceConfList', 'sysTool:datasourceConf', '0', 'modules/system/gen/datasource/DatasourceConfList.vue', '/sysTool/datasourceConf', NULL, 'box-plot', 1, 0, '2022-03-31 12:31:26', '2022-04-04 17:33:10', 'fxz', 'fxz', '0');
INSERT INTO `sys_menu` (`id`, `parent_id`, `title`, `name`, `perms`, `type`, `component`, `path`, `redirect`, `icon`, `keep_alive`, `order_num`, `create_time`, `update_time`, `create_by`, `update_by`, `hidden`) VALUES (100017, 0, '系统监控', 'monitor', 'sysMonitor', '0', 'RouteView', '/sysMonitor', NULL, 'aliwangwang', 1, 5, '2022-04-03 17:59:52', '2022-04-04 17:35:11', 'fxz', 'fxz', '0');
INSERT INTO `sys_menu` (`id`, `parent_id`, `title`, `name`, `perms`, `type`, `component`, `path`, `redirect`, `icon`, `keep_alive`, `order_num`, `create_time`, `update_time`, `create_by`, `update_by`, `hidden`) VALUES (100018, 100017, '定时任务', 'jobList', 'sysMonitor:job', '0', 'modules/system/monitor/JobList.vue', '/sysMonitor/job', NULL, 'loading', 1, 0, '2022-04-03 18:02:04', '2022-04-04 17:33:39', 'fxz', 'fxz', '0');
INSERT INTO `sys_menu` (`id`, `parent_id`, `title`, `name`, `perms`, `type`, `component`, `path`, `redirect`, `icon`, `keep_alive`, `order_num`, `create_time`, `update_time`, `create_by`, `update_by`, `hidden`) VALUES (100019, 20, '字典管理', 'dict', 'sys:dict', '0', 'modules/system/dict/DictList.vue', '/permissions/dict', NULL, 'folder-open', 1, 4, '2022-04-04 11:20:33', '2022-04-05 20:24:45', 'fxz', 'fxz', '0');
INSERT INTO `sys_menu` (`id`, `parent_id`, `title`, `name`, `perms`, `type`, `component`, `path`, `redirect`, `icon`, `keep_alive`, `order_num`, `create_time`, `update_time`, `create_by`, `update_by`, `hidden`) VALUES (100020, 100017, '调度日志', 'JobLogList', 'sysMonitor:jobLog', '0', 'modules/system/monitor/JobLogList.vue', '/sysMonitor/jobLog', NULL, 'hdd', 1, 1, '2022-04-04 15:55:43', '2022-04-04 17:34:06', 'fxz', 'fxz', '0');
INSERT INTO `sys_menu` (`id`, `parent_id`, `title`, `name`, `perms`, `type`, `component`, `path`, `redirect`, `icon`, `keep_alive`, `order_num`, `create_time`, `update_time`, `create_by`, `update_by`, `hidden`) VALUES (100021, 20, '文件管理', 'file', 'sys:file', '0', 'modules/system/file/FileList.vue', '/permissions/file', NULL, 'mail', 1, 5, '2022-04-04 22:47:38', '2022-04-04 22:49:20', 'fxz', 'fxz', '0');
INSERT INTO `sys_menu` (`id`, `parent_id`, `title`, `name`, `perms`, `type`, `component`, `path`, `redirect`, `icon`, `keep_alive`, `order_num`, `create_time`, `update_time`, `create_by`, `update_by`, `hidden`) VALUES (100022, 20, '岗位管理', 'post', 'sys:post', '0', 'modules/system/post/PostList.vue', '/permissions/post', NULL, 'coffee', 1, 4, '2022-04-05 20:17:47', '2022-04-05 20:24:58', 'fxz', 'fxz', '0');
INSERT INTO `sys_menu` (`id`, `parent_id`, `title`, `name`, `perms`, `type`, `component`, `path`, `redirect`, `icon`, `keep_alive`, `order_num`, `create_time`, `update_time`, `create_by`, `update_by`, `hidden`) VALUES (100023, 100012, '表单设计器', 'FormBuild', 'sysTool:formBuild', '0', 'modules/system/gen/FormBuild.vue', '/sysTool/formBuild', NULL, 'bg-colors', 1, 2, '2022-04-23 23:22:38', '2022-04-23 23:38:03', 'fxz', 'fxz', '0');
INSERT INTO `sys_menu` (`id`, `parent_id`, `title`, `name`, `perms`, `type`, `component`, `path`, `redirect`, `icon`, `keep_alive`, `order_num`, `create_time`, `update_time`, `create_by`, `update_by`, `hidden`) VALUES (100024, 20, '审计管理', 'oper', 'sys:oper', '0', 'RouteView', '/permissions/oper', NULL, 'credit-card', 1, 7, '2022-04-24 00:12:34', '2022-04-24 00:12:34', 'fxz', 'fxz', '0');
INSERT INTO `sys_menu` (`id`, `parent_id`, `title`, `name`, `perms`, `type`, `component`, `path`, `redirect`, `icon`, `keep_alive`, `order_num`, `create_time`, `update_time`, `create_by`, `update_by`, `hidden`) VALUES (100025, 100024, '登录日志', 'OperLogin', 'sys:oper:login', '0', 'modules/system/log/OperLogList.vue', '/sys/oper/login', NULL, 'logout', 1, 0, '2022-04-24 00:15:20', '2022-04-24 00:16:26', 'fxz', 'fxz', '0');
INSERT INTO `sys_menu` (`id`, `parent_id`, `title`, `name`, `perms`, `type`, `component`, `path`, `redirect`, `icon`, `keep_alive`, `order_num`, `create_time`, `update_time`, `create_by`, `update_by`, `hidden`) VALUES (100026, 100024, '操作日志', 'OperLogList', 'sys:oper:log', '0', 'modules/system/log/OperLogList.vue', '/sys/oper/log', NULL, 'stock', 1, 1, '2022-04-24 00:17:31', '2022-04-24 00:17:31', 'fxz', 'fxz', '0');
INSERT INTO `sys_menu` (`id`, `parent_id`, `title`, `name`, `perms`, `type`, `component`, `path`, `redirect`, `icon`, `keep_alive`, `order_num`, `create_time`, `update_time`, `create_by`, `update_by`, `hidden`) VALUES (100027, 0, '商品管理', 'product', 'product', '0', 'RouteView', '/product', NULL, 'gift', 1, 3, '2022-05-05 20:14:55', '2022-05-05 20:14:55', 'fxz', 'fxz', '0');
INSERT INTO `sys_menu` (`id`, `parent_id`, `title`, `name`, `perms`, `type`, `component`, `path`, `redirect`, `icon`, `keep_alive`, `order_num`, `create_time`, `update_time`, `create_by`, `update_by`, `hidden`) VALUES (100028, 100027, '品牌管理', 'brandList', 'product:brand', '0', 'modules/mall/product/brand/BrandList', '/product/brand', NULL, 'taobao', 1, 0, '2022-05-05 20:15:54', '2022-05-05 20:15:54', 'fxz', 'fxz', '0');
INSERT INTO `sys_menu` (`id`, `parent_id`, `title`, `name`, `perms`, `type`, `component`, `path`, `redirect`, `icon`, `keep_alive`, `order_num`, `create_time`, `update_time`, `create_by`, `update_by`, `hidden`) VALUES (100029, 100027, '分类管理', 'categoryList', 'product:category', '0', 'modules/mall/product/category/CategoryList', '/product/category', NULL, 'layout', 1, 1, '2022-05-05 20:16:57', '2022-05-05 20:16:57', 'fxz', 'fxz', '0');
INSERT INTO `sys_menu` (`id`, `parent_id`, `title`, `name`, `perms`, `type`, `component`, `path`, `redirect`, `icon`, `keep_alive`, `order_num`, `create_time`, `update_time`, `create_by`, `update_by`, `hidden`) VALUES (100030, 100027, '商品上架', 'goodInfo', 'product:good', '0', 'modules/mall/product/goods/Info', '/goods/info', NULL, 'shop', 1, -1, '2022-05-06 16:49:42', '2022-05-06 18:14:06', 'fxz', 'fxz', '0');
COMMIT;

-- ----------------------------
-- Table structure for sys_oauth_client_details
-- ----------------------------
DROP TABLE IF EXISTS `sys_oauth_client_details`;
CREATE TABLE `sys_oauth_client_details` (
  `client_id` varchar(32) CHARACTER SET utf8mb4 COLLATE utf8mb4_general_ci NOT NULL COMMENT '客户端ID',
  `resource_ids` varchar(256) CHARACTER SET utf8mb4 COLLATE utf8mb4_general_ci DEFAULT NULL COMMENT '资源列表',
  `client_secret` varchar(256) CHARACTER SET utf8mb4 COLLATE utf8mb4_general_ci DEFAULT NULL COMMENT '客户端密钥',
  `scope` varchar(256) CHARACTER SET utf8mb4 COLLATE utf8mb4_general_ci DEFAULT NULL COMMENT '域',
  `authorized_grant_types` varchar(256) CHARACTER SET utf8mb4 COLLATE utf8mb4_general_ci DEFAULT NULL COMMENT '认证类型',
  `web_server_redirect_uri` varchar(256) CHARACTER SET utf8mb4 COLLATE utf8mb4_general_ci DEFAULT NULL COMMENT '重定向地址',
  `authorities` varchar(256) CHARACTER SET utf8mb4 COLLATE utf8mb4_general_ci DEFAULT NULL COMMENT '角色列表',
  `access_token_validity` int(11) DEFAULT NULL COMMENT 'token 有效期',
  `refresh_token_validity` int(11) DEFAULT NULL COMMENT '刷新令牌有效期',
  `additional_information` varchar(4096) CHARACTER SET utf8mb4 COLLATE utf8mb4_general_ci DEFAULT NULL COMMENT '令牌扩展字段JSON',
  `autoapprove` varchar(256) CHARACTER SET utf8mb4 COLLATE utf8mb4_general_ci DEFAULT NULL COMMENT '是否自动放行',
  `create_time` datetime DEFAULT NULL COMMENT '创建时间',
  `update_time` datetime DEFAULT NULL COMMENT '更新时间',
  `create_by` varchar(64) CHARACTER SET utf8mb4 COLLATE utf8mb4_general_ci DEFAULT NULL COMMENT '创建人',
  `update_by` varchar(64) CHARACTER SET utf8mb4 COLLATE utf8mb4_general_ci DEFAULT NULL COMMENT '更新人',
  PRIMARY KEY (`client_id`) USING BTREE
) ENGINE=InnoDB DEFAULT CHARSET=utf8mb4 COLLATE=utf8mb4_general_ci ROW_FORMAT=DYNAMIC COMMENT='终端信息表';

-- ----------------------------
-- Records of sys_oauth_client_details
-- ----------------------------
BEGIN;
INSERT INTO `sys_oauth_client_details` (`client_id`, `resource_ids`, `client_secret`, `scope`, `authorized_grant_types`, `web_server_redirect_uri`, `authorities`, `access_token_validity`, `refresh_token_validity`, `additional_information`, `autoapprove`, `create_time`, `update_time`, `create_by`, `update_by`) VALUES ('app', NULL, 'app', 'server', 'app,refresh_token', NULL, NULL, NULL, NULL, NULL, 'true', NULL, NULL, NULL, NULL);
INSERT INTO `sys_oauth_client_details` (`client_id`, `resource_ids`, `client_secret`, `scope`, `authorized_grant_types`, `web_server_redirect_uri`, `authorities`, `access_token_validity`, `refresh_token_validity`, `additional_information`, `autoapprove`, `create_time`, `update_time`, `create_by`, `update_by`) VALUES ('daemon', NULL, 'daemon', 'server', 'password,refresh_token', NULL, NULL, NULL, NULL, NULL, 'true', NULL, NULL, NULL, NULL);
INSERT INTO `sys_oauth_client_details` (`client_id`, `resource_ids`, `client_secret`, `scope`, `authorized_grant_types`, `web_server_redirect_uri`, `authorities`, `access_token_validity`, `refresh_token_validity`, `additional_information`, `autoapprove`, `create_time`, `update_time`, `create_by`, `update_by`) VALUES ('fxz', NULL, '123456', 'server', 'refresh_token,authorization_code,captcha', 'https://fxz.life', NULL, NULL, NULL, NULL, 'true', NULL, NULL, NULL, NULL);
INSERT INTO `sys_oauth_client_details` (`client_id`, `resource_ids`, `client_secret`, `scope`, `authorized_grant_types`, `web_server_redirect_uri`, `authorities`, `access_token_validity`, `refresh_token_validity`, `additional_information`, `autoapprove`, `create_time`, `update_time`, `create_by`, `update_by`) VALUES ('gen', NULL, 'gen', 'server', 'password,refresh_token', NULL, NULL, NULL, NULL, NULL, 'true', NULL, NULL, NULL, NULL);
INSERT INTO `sys_oauth_client_details` (`client_id`, `resource_ids`, `client_secret`, `scope`, `authorized_grant_types`, `web_server_redirect_uri`, `authorities`, `access_token_validity`, `refresh_token_validity`, `additional_information`, `autoapprove`, `create_time`, `update_time`, `create_by`, `update_by`) VALUES ('open', NULL, 'open', 'server', 'refresh_token,authorization_code', 'https://fxz.life', NULL, NULL, NULL, '{\n	\"appName\":\"测试应用\"\n}', 'false', NULL, NULL, NULL, NULL);
INSERT INTO `sys_oauth_client_details` (`client_id`, `resource_ids`, `client_secret`, `scope`, `authorized_grant_types`, `web_server_redirect_uri`, `authorities`, `access_token_validity`, `refresh_token_validity`, `additional_information`, `autoapprove`, `create_time`, `update_time`, `create_by`, `update_by`) VALUES ('pig', NULL, 'pig', 'server', 'password,app,refresh_token,authorization_code,client_credentials', 'http://localhost:4040/sso1/login,http://localhost:4041/sso1/login', NULL, NULL, NULL, NULL, 'true', NULL, NULL, NULL, NULL);
INSERT INTO `sys_oauth_client_details` (`client_id`, `resource_ids`, `client_secret`, `scope`, `authorized_grant_types`, `web_server_redirect_uri`, `authorities`, `access_token_validity`, `refresh_token_validity`, `additional_information`, `autoapprove`, `create_time`, `update_time`, `create_by`, `update_by`) VALUES ('ruoyi', NULL, 'ruoyi', 'server', 'refresh_token,authorization_code', 'http://localhost:80/sso/login', NULL, 43200, 2592001, NULL, 'true', NULL, NULL, NULL, NULL);
INSERT INTO `sys_oauth_client_details` (`client_id`, `resource_ids`, `client_secret`, `scope`, `authorized_grant_types`, `web_server_redirect_uri`, `authorities`, `access_token_validity`, `refresh_token_validity`, `additional_information`, `autoapprove`, `create_time`, `update_time`, `create_by`, `update_by`) VALUES ('swagger', NULL, '123456', 'test', 'password', NULL, NULL, NULL, NULL, NULL, 'true', NULL, NULL, NULL, NULL);
INSERT INTO `sys_oauth_client_details` (`client_id`, `resource_ids`, `client_secret`, `scope`, `authorized_grant_types`, `web_server_redirect_uri`, `authorities`, `access_token_validity`, `refresh_token_validity`, `additional_information`, `autoapprove`, `create_time`, `update_time`, `create_by`, `update_by`) VALUES ('test', NULL, 'test', 'server', 'password,app,refresh_token', NULL, NULL, NULL, NULL, NULL, 'true', NULL, NULL, NULL, NULL);
COMMIT;

-- ----------------------------
-- Table structure for sys_oper_log
-- ----------------------------
DROP TABLE IF EXISTS `sys_oper_log`;
CREATE TABLE `sys_oper_log` (
  `id` bigint(20) NOT NULL AUTO_INCREMENT COMMENT '主键',
  `title` varchar(255) CHARACTER SET utf8mb4 COLLATE utf8mb4_general_ci DEFAULT NULL COMMENT '标题',
  `business_type` tinyint(1) DEFAULT NULL COMMENT '业务类型',
  `method` varchar(255) CHARACTER SET utf8mb4 COLLATE utf8mb4_general_ci DEFAULT NULL COMMENT '方法名称',
  `request_method` varchar(255) CHARACTER SET utf8mb4 COLLATE utf8mb4_general_ci DEFAULT NULL COMMENT '请求方式',
  `oper_name` varchar(255) CHARACTER SET utf8mb4 COLLATE utf8mb4_general_ci DEFAULT NULL COMMENT '操作人员',
  `oper_url` varchar(255) CHARACTER SET utf8mb4 COLLATE utf8mb4_general_ci DEFAULT NULL COMMENT '请求url',
  `oper_ip` varchar(255) CHARACTER SET utf8mb4 COLLATE utf8mb4_general_ci DEFAULT NULL COMMENT '主机地址',
  `oper_param` varchar(255) CHARACTER SET utf8mb4 COLLATE utf8mb4_general_ci DEFAULT NULL COMMENT '请求参数',
  `status` tinyint(1) DEFAULT NULL COMMENT '操作状态（0正常 1异常）',
  `error_msg` varchar(255) CHARACTER SET utf8mb4 COLLATE utf8mb4_general_ci DEFAULT NULL COMMENT '异常信息',
  `time` bigint(20) DEFAULT NULL COMMENT '执行时间',
  `create_by` varchar(255) CHARACTER SET utf8mb4 COLLATE utf8mb4_general_ci DEFAULT NULL COMMENT '创建人',
  `create_time` datetime DEFAULT NULL COMMENT '创建时间',
  `update_by` varchar(255) CHARACTER SET utf8mb4 COLLATE utf8mb4_general_ci DEFAULT NULL COMMENT '更新人',
  `update_time` datetime DEFAULT NULL COMMENT '更新时间',
  PRIMARY KEY (`id`)
) ENGINE=InnoDB AUTO_INCREMENT=1522956657097523203 DEFAULT CHARSET=utf8mb4 COLLATE=utf8mb4_general_ci;

-- ----------------------------
-- Records of sys_oper_log
-- ----------------------------
BEGIN;
INSERT INTO `sys_oper_log` (`id`, `title`, `business_type`, `method`, `request_method`, `oper_name`, `oper_url`, `oper_ip`, `oper_param`, `status`, `error_msg`, `time`, `create_by`, `create_time`, `update_by`, `update_time`) VALUES (1517873262470488066, '用户登录', 4, NULL, 'POST', 'fxz', NULL, '127.0.0.1', 'fxz', 0, NULL, NULL, 'fxz', '2022-04-23 22:29:21', 'anonymousUser', '2022-04-23 22:29:21');
INSERT INTO `sys_oper_log` (`id`, `title`, `business_type`, `method`, `request_method`, `oper_name`, `oper_url`, `oper_ip`, `oper_param`, `status`, `error_msg`, `time`, `create_by`, `create_time`, `update_by`, `update_time`) VALUES (1517874824039227393, '用户登录', 4, NULL, 'POST', 'fxz', NULL, '127.0.0.1', 'fxz', 0, NULL, NULL, 'fxz', '2022-04-23 22:35:33', 'anonymousUser', '2022-04-23 22:35:33');
INSERT INTO `sys_oper_log` (`id`, `title`, `business_type`, `method`, `request_method`, `oper_name`, `oper_url`, `oper_ip`, `oper_param`, `status`, `error_msg`, `time`, `create_by`, `create_time`, `update_by`, `update_time`) VALUES (1517874961989885953, '用户登录', 4, NULL, 'POST', 'fxz', NULL, '127.0.0.1', 'fxz', 0, NULL, NULL, 'fxz', '2022-04-23 22:36:06', 'anonymousUser', '2022-04-23 22:36:06');
INSERT INTO `sys_oper_log` (`id`, `title`, `business_type`, `method`, `request_method`, `oper_name`, `oper_url`, `oper_ip`, `oper_param`, `status`, `error_msg`, `time`, `create_by`, `create_time`, `update_by`, `update_time`) VALUES (1517875079828856833, '用户登录', 4, NULL, 'POST', 'fxz', NULL, '127.0.0.1', 'fxz', 0, NULL, NULL, 'fxz', '2022-04-23 22:36:34', 'anonymousUser', '2022-04-23 22:36:34');
INSERT INTO `sys_oper_log` (`id`, `title`, `business_type`, `method`, `request_method`, `oper_name`, `oper_url`, `oper_ip`, `oper_param`, `status`, `error_msg`, `time`, `create_by`, `create_time`, `update_by`, `update_time`) VALUES (1517875359362441218, '用户登录', 4, NULL, 'POST', 'fxz', NULL, '127.0.0.1', 'fxz', 0, NULL, NULL, 'fxz', '2022-04-23 22:37:41', 'anonymousUser', '2022-04-23 22:37:41');
INSERT INTO `sys_oper_log` (`id`, `title`, `business_type`, `method`, `request_method`, `oper_name`, `oper_url`, `oper_ip`, `oper_param`, `status`, `error_msg`, `time`, `create_by`, `create_time`, `update_by`, `update_time`) VALUES (1517875595111686145, '用户登录', 4, NULL, 'POST', 'fxz', NULL, '127.0.0.1', 'fxz', 0, NULL, NULL, 'fxz', '2022-04-23 22:38:37', 'anonymousUser', '2022-04-23 22:38:37');
INSERT INTO `sys_oper_log` (`id`, `title`, `business_type`, `method`, `request_method`, `oper_name`, `oper_url`, `oper_ip`, `oper_param`, `status`, `error_msg`, `time`, `create_by`, `create_time`, `update_by`, `update_time`) VALUES (1517876215528824834, '用户登录', 4, NULL, 'POST', 'fxz', NULL, '127.0.0.1', 'fxz', 0, NULL, NULL, 'fxz', '2022-04-23 22:41:05', 'anonymousUser', '2022-04-23 22:41:05');
INSERT INTO `sys_oper_log` (`id`, `title`, `business_type`, `method`, `request_method`, `oper_name`, `oper_url`, `oper_ip`, `oper_param`, `status`, `error_msg`, `time`, `create_by`, `create_time`, `update_by`, `update_time`) VALUES (1517876871434084354, '用户登录', 4, NULL, 'POST', 'fxz', NULL, '127.0.0.1', 'fxz', 0, NULL, NULL, 'fxz', '2022-04-23 22:43:42', 'anonymousUser', '2022-04-23 22:43:41');
INSERT INTO `sys_oper_log` (`id`, `title`, `business_type`, `method`, `request_method`, `oper_name`, `oper_url`, `oper_ip`, `oper_param`, `status`, `error_msg`, `time`, `create_by`, `create_time`, `update_by`, `update_time`) VALUES (1517876993928732674, '用户登录', 4, NULL, 'POST', 'fxz', NULL, '127.0.0.1', 'fxz', 0, NULL, NULL, 'fxz', '2022-04-23 22:44:11', 'anonymousUser', '2022-04-23 22:44:10');
INSERT INTO `sys_oper_log` (`id`, `title`, `business_type`, `method`, `request_method`, `oper_name`, `oper_url`, `oper_ip`, `oper_param`, `status`, `error_msg`, `time`, `create_by`, `create_time`, `update_by`, `update_time`) VALUES (1517877130411384834, '用户登录', 4, NULL, 'POST', 'fxz', NULL, '127.0.0.1', 'fxz', 0, NULL, NULL, 'fxz', '2022-04-23 22:44:43', 'anonymousUser', '2022-04-23 22:44:43');
INSERT INTO `sys_oper_log` (`id`, `title`, `business_type`, `method`, `request_method`, `oper_name`, `oper_url`, `oper_ip`, `oper_param`, `status`, `error_msg`, `time`, `create_by`, `create_time`, `update_by`, `update_time`) VALUES (1517877234337849346, '文件管理', 1, 'com.fxz.system.controller.FileController.add()', 'POST', 'fxz', '/file/add', '127.0.0.1', '', NULL, NULL, 613, 'anonymousUser', '2022-04-23 22:45:08', 'anonymousUser', '2022-04-23 22:45:08');
INSERT INTO `sys_oper_log` (`id`, `title`, `business_type`, `method`, `request_method`, `oper_name`, `oper_url`, `oper_ip`, `oper_param`, `status`, `error_msg`, `time`, `create_by`, `create_time`, `update_by`, `update_time`) VALUES (1517877294932959233, '文件管理', 1, 'com.fxz.system.controller.FileController.add()', 'POST', 'fxz', '/file/add', '127.0.0.1', '', NULL, NULL, 636, 'anonymousUser', '2022-04-23 22:45:23', 'anonymousUser', '2022-04-23 22:45:23');
INSERT INTO `sys_oper_log` (`id`, `title`, `business_type`, `method`, `request_method`, `oper_name`, `oper_url`, `oper_ip`, `oper_param`, `status`, `error_msg`, `time`, `create_by`, `create_time`, `update_by`, `update_time`) VALUES (1517878214878044161, '文件管理', 1, 'com.fxz.system.controller.FileController.add()', 'POST', 'fxz', '/file/add', '127.0.0.1', '', NULL, NULL, 823, 'anonymousUser', '2022-04-23 22:49:02', 'anonymousUser', '2022-04-23 22:49:02');
INSERT INTO `sys_oper_log` (`id`, `title`, `business_type`, `method`, `request_method`, `oper_name`, `oper_url`, `oper_ip`, `oper_param`, `status`, `error_msg`, `time`, `create_by`, `create_time`, `update_by`, `update_time`) VALUES (1517878424391917569, '文件管理', 1, 'com.fxz.system.controller.FileController.add()', 'POST', 'fxz', '/file/add', '127.0.0.1', '', NULL, NULL, 1067, 'anonymousUser', '2022-04-23 22:49:52', 'anonymousUser', '2022-04-23 22:49:52');
INSERT INTO `sys_oper_log` (`id`, `title`, `business_type`, `method`, `request_method`, `oper_name`, `oper_url`, `oper_ip`, `oper_param`, `status`, `error_msg`, `time`, `create_by`, `create_time`, `update_by`, `update_time`) VALUES (1517878485536481281, '文件管理', 1, 'com.fxz.system.controller.FileController.add()', 'POST', 'fxz', '/file/add', '127.0.0.1', '', NULL, NULL, 253, 'anonymousUser', '2022-04-23 22:50:06', 'anonymousUser', '2022-04-23 22:50:06');
INSERT INTO `sys_oper_log` (`id`, `title`, `business_type`, `method`, `request_method`, `oper_name`, `oper_url`, `oper_ip`, `oper_param`, `status`, `error_msg`, `time`, `create_by`, `create_time`, `update_by`, `update_time`) VALUES (1517878639459049473, '用户登录', 4, NULL, 'POST', 'fxz', NULL, '127.0.0.1', 'fxz', 0, NULL, NULL, 'fxz', '2022-04-23 22:50:43', 'anonymousUser', '2022-04-23 22:50:43');
INSERT INTO `sys_oper_log` (`id`, `title`, `business_type`, `method`, `request_method`, `oper_name`, `oper_url`, `oper_ip`, `oper_param`, `status`, `error_msg`, `time`, `create_by`, `create_time`, `update_by`, `update_time`) VALUES (1517882055593828354, '用户登录', 4, NULL, 'POST', 'fxz', NULL, '127.0.0.1', 'fxz', 0, NULL, NULL, 'fxz', '2022-04-23 23:04:18', 'anonymousUser', '2022-04-23 23:04:17');
INSERT INTO `sys_oper_log` (`id`, `title`, `business_type`, `method`, `request_method`, `oper_name`, `oper_url`, `oper_ip`, `oper_param`, `status`, `error_msg`, `time`, `create_by`, `create_time`, `update_by`, `update_time`) VALUES (1517882152931041281, '用户登录', 4, NULL, 'POST', 'fxz', NULL, '127.0.0.1', 'fxz', 0, NULL, NULL, 'fxz', '2022-04-23 23:04:41', 'anonymousUser', '2022-04-23 23:04:40');
INSERT INTO `sys_oper_log` (`id`, `title`, `business_type`, `method`, `request_method`, `oper_name`, `oper_url`, `oper_ip`, `oper_param`, `status`, `error_msg`, `time`, `create_by`, `create_time`, `update_by`, `update_time`) VALUES (1517882322338979841, '用户登录', 4, NULL, 'POST', 'fxz', NULL, '127.0.0.1', 'fxz', 0, NULL, NULL, 'fxz', '2022-04-23 23:05:21', 'anonymousUser', '2022-04-23 23:05:21');
INSERT INTO `sys_oper_log` (`id`, `title`, `business_type`, `method`, `request_method`, `oper_name`, `oper_url`, `oper_ip`, `oper_param`, `status`, `error_msg`, `time`, `create_by`, `create_time`, `update_by`, `update_time`) VALUES (1517882933906329602, '用户登录', 4, NULL, 'POST', 'fxz', NULL, '127.0.0.1', 'fxz', 0, NULL, NULL, 'fxz', '2022-04-23 23:07:47', 'anonymousUser', '2022-04-23 23:07:46');
INSERT INTO `sys_oper_log` (`id`, `title`, `business_type`, `method`, `request_method`, `oper_name`, `oper_url`, `oper_ip`, `oper_param`, `status`, `error_msg`, `time`, `create_by`, `create_time`, `update_by`, `update_time`) VALUES (1517886991689928705, '用户登录', 4, NULL, 'POST', 'fxz', NULL, '127.0.0.1', 'fxz', 0, NULL, NULL, 'fxz', '2022-04-23 23:23:54', 'anonymousUser', '2022-04-23 23:23:54');
INSERT INTO `sys_oper_log` (`id`, `title`, `business_type`, `method`, `request_method`, `oper_name`, `oper_url`, `oper_ip`, `oper_param`, `status`, `error_msg`, `time`, `create_by`, `create_time`, `update_by`, `update_time`) VALUES (1517890600104185858, '用户登录', 4, NULL, 'POST', 'fxz', NULL, '127.0.0.1', 'fxz', 0, NULL, NULL, 'fxz', '2022-04-23 23:38:15', 'anonymousUser', '2022-04-23 23:38:14');
INSERT INTO `sys_oper_log` (`id`, `title`, `business_type`, `method`, `request_method`, `oper_name`, `oper_url`, `oper_ip`, `oper_param`, `status`, `error_msg`, `time`, `create_by`, `create_time`, `update_by`, `update_time`) VALUES (1517893441833226242, '用户登录', 4, NULL, 'POST', 'fxz', NULL, '127.0.0.1', 'fxz', 0, NULL, NULL, 'fxz', '2022-04-23 23:49:32', 'anonymousUser', '2022-04-23 23:49:32');
INSERT INTO `sys_oper_log` (`id`, `title`, `business_type`, `method`, `request_method`, `oper_name`, `oper_url`, `oper_ip`, `oper_param`, `status`, `error_msg`, `time`, `create_by`, `create_time`, `update_by`, `update_time`) VALUES (1517894241418563586, '字典管理', 1, 'com.fxz.system.controller.DictController.add()', 'POST', 'fxz', '/dict/add', '127.0.0.1', '', NULL, NULL, 174, 'anonymousUser', '2022-04-23 23:52:43', 'anonymousUser', '2022-04-23 23:52:43');
INSERT INTO `sys_oper_log` (`id`, `title`, `business_type`, `method`, `request_method`, `oper_name`, `oper_url`, `oper_ip`, `oper_param`, `status`, `error_msg`, `time`, `create_by`, `create_time`, `update_by`, `update_time`) VALUES (1517894254861307905, '字典管理', 2, 'com.fxz.system.controller.DictController.update()', 'POST', 'fxz', '/dict/update', '127.0.0.1', '', NULL, NULL, 8, 'anonymousUser', '2022-04-23 23:52:46', 'anonymousUser', '2022-04-23 23:52:46');
INSERT INTO `sys_oper_log` (`id`, `title`, `business_type`, `method`, `request_method`, `oper_name`, `oper_url`, `oper_ip`, `oper_param`, `status`, `error_msg`, `time`, `create_by`, `create_time`, `update_by`, `update_time`) VALUES (1517897494088732674, '用户登录', 4, NULL, 'POST', 'fxz', NULL, '127.0.0.1', 'fxz', 0, NULL, NULL, 'fxz', '2022-04-24 00:05:38', 'anonymousUser', '2022-04-24 00:05:38');
INSERT INTO `sys_oper_log` (`id`, `title`, `business_type`, `method`, `request_method`, `oper_name`, `oper_url`, `oper_ip`, `oper_param`, `status`, `error_msg`, `time`, `create_by`, `create_time`, `update_by`, `update_time`) VALUES (1517900618702606337, '用户登录', 4, NULL, 'POST', 'fxz', NULL, '127.0.0.1', 'fxz', 0, NULL, NULL, 'fxz', '2022-04-24 00:18:03', 'anonymousUser', '2022-04-24 00:18:03');
INSERT INTO `sys_oper_log` (`id`, `title`, `business_type`, `method`, `request_method`, `oper_name`, `oper_url`, `oper_ip`, `oper_param`, `status`, `error_msg`, `time`, `create_by`, `create_time`, `update_by`, `update_time`) VALUES (1517900763418677249, '文件管理', 1, 'com.fxz.system.controller.FileController.add()', 'POST', 'fxz', '/file/add', '127.0.0.1', '', NULL, NULL, 395, 'anonymousUser', '2022-04-24 00:18:38', 'anonymousUser', '2022-04-24 00:18:38');
INSERT INTO `sys_oper_log` (`id`, `title`, `business_type`, `method`, `request_method`, `oper_name`, `oper_url`, `oper_ip`, `oper_param`, `status`, `error_msg`, `time`, `create_by`, `create_time`, `update_by`, `update_time`) VALUES (1517900793491836929, '用户登录', 4, NULL, 'POST', 'fxz', NULL, '127.0.0.1', 'fxz', 0, NULL, NULL, 'fxz', '2022-04-24 00:18:45', 'anonymousUser', '2022-04-24 00:18:45');
INSERT INTO `sys_oper_log` (`id`, `title`, `business_type`, `method`, `request_method`, `oper_name`, `oper_url`, `oper_ip`, `oper_param`, `status`, `error_msg`, `time`, `create_by`, `create_time`, `update_by`, `update_time`) VALUES (1522187621753511937, '用户登录', 4, NULL, 'POST', 'fxz', NULL, '127.0.0.1', 'fxz', 0, NULL, NULL, 'fxz', '2022-05-05 20:13:05', 'anonymousUser', '2022-05-05 20:13:04');
INSERT INTO `sys_oper_log` (`id`, `title`, `business_type`, `method`, `request_method`, `oper_name`, `oper_url`, `oper_ip`, `oper_param`, `status`, `error_msg`, `time`, `create_by`, `create_time`, `update_by`, `update_time`) VALUES (1522188371632132098, '用户登录', 4, NULL, 'POST', 'fxz', NULL, '127.0.0.1', 'fxz', 0, NULL, NULL, 'fxz', '2022-05-05 20:16:03', 'anonymousUser', '2022-05-05 20:16:03');
INSERT INTO `sys_oper_log` (`id`, `title`, `business_type`, `method`, `request_method`, `oper_name`, `oper_url`, `oper_ip`, `oper_param`, `status`, `error_msg`, `time`, `create_by`, `create_time`, `update_by`, `update_time`) VALUES (1522189672017367042, '文件管理', 1, 'com.fxz.system.controller.FileController.add()', 'POST', 'fxz', '/file/add', '127.0.0.1', '', NULL, NULL, 349, 'anonymousUser', '2022-05-05 20:21:13', 'anonymousUser', '2022-05-05 20:21:13');
INSERT INTO `sys_oper_log` (`id`, `title`, `business_type`, `method`, `request_method`, `oper_name`, `oper_url`, `oper_ip`, `oper_param`, `status`, `error_msg`, `time`, `create_by`, `create_time`, `update_by`, `update_time`) VALUES (1522191185301295106, '文件管理', 1, 'com.fxz.system.controller.FileController.add()', 'POST', 'fxz', '/file/add', '127.0.0.1', '', NULL, NULL, 431, 'anonymousUser', '2022-05-05 20:27:14', 'anonymousUser', '2022-05-05 20:27:14');
INSERT INTO `sys_oper_log` (`id`, `title`, `business_type`, `method`, `request_method`, `oper_name`, `oper_url`, `oper_ip`, `oper_param`, `status`, `error_msg`, `time`, `create_by`, `create_time`, `update_by`, `update_time`) VALUES (1522191250258481154, '文件管理', 1, 'com.fxz.system.controller.FileController.add()', 'POST', 'fxz', '/file/add', '127.0.0.1', '', NULL, NULL, 237, 'anonymousUser', '2022-05-05 20:27:30', 'anonymousUser', '2022-05-05 20:27:30');
INSERT INTO `sys_oper_log` (`id`, `title`, `business_type`, `method`, `request_method`, `oper_name`, `oper_url`, `oper_ip`, `oper_param`, `status`, `error_msg`, `time`, `create_by`, `create_time`, `update_by`, `update_time`) VALUES (1522200675748761601, '用户登录', 4, NULL, 'POST', 'fxz', NULL, '127.0.0.1', 'fxz', 0, NULL, NULL, 'fxz', '2022-05-05 21:04:57', 'anonymousUser', '2022-05-05 21:04:56');
INSERT INTO `sys_oper_log` (`id`, `title`, `business_type`, `method`, `request_method`, `oper_name`, `oper_url`, `oper_ip`, `oper_param`, `status`, `error_msg`, `time`, `create_by`, `create_time`, `update_by`, `update_time`) VALUES (1522200704601378817, '用户登录', 4, NULL, 'POST', 'fxz', NULL, '127.0.0.1', 'fxz', 0, NULL, NULL, 'fxz', '2022-05-05 21:05:04', 'anonymousUser', '2022-05-05 21:05:03');
INSERT INTO `sys_oper_log` (`id`, `title`, `business_type`, `method`, `request_method`, `oper_name`, `oper_url`, `oper_ip`, `oper_param`, `status`, `error_msg`, `time`, `create_by`, `create_time`, `update_by`, `update_time`) VALUES (1522203145237516289, '用户登录', 4, NULL, 'POST', 'fxz', NULL, '127.0.0.1', 'fxz', 0, NULL, NULL, 'fxz', '2022-05-05 21:14:46', 'anonymousUser', '2022-05-05 21:14:45');
INSERT INTO `sys_oper_log` (`id`, `title`, `business_type`, `method`, `request_method`, `oper_name`, `oper_url`, `oper_ip`, `oper_param`, `status`, `error_msg`, `time`, `create_by`, `create_time`, `update_by`, `update_time`) VALUES (1522209374764617730, '用户登录', 4, NULL, 'POST', 'fxz', NULL, '127.0.0.1', 'fxz', 0, NULL, NULL, 'fxz', '2022-05-05 21:39:31', 'anonymousUser', '2022-05-05 21:39:30');
INSERT INTO `sys_oper_log` (`id`, `title`, `business_type`, `method`, `request_method`, `oper_name`, `oper_url`, `oper_ip`, `oper_param`, `status`, `error_msg`, `time`, `create_by`, `create_time`, `update_by`, `update_time`) VALUES (1522210697421606914, '用户登录', 4, NULL, 'POST', 'fxz', NULL, '127.0.0.1', 'fxz', 0, NULL, NULL, 'fxz', '2022-05-05 21:44:46', 'anonymousUser', '2022-05-05 21:44:46');
INSERT INTO `sys_oper_log` (`id`, `title`, `business_type`, `method`, `request_method`, `oper_name`, `oper_url`, `oper_ip`, `oper_param`, `status`, `error_msg`, `time`, `create_by`, `create_time`, `update_by`, `update_time`) VALUES (1522218828746805249, '用户登录', 4, NULL, 'POST', 'fxz', NULL, '127.0.0.1', 'fxz', 0, NULL, NULL, 'fxz', '2022-05-05 22:17:05', 'anonymousUser', '2022-05-05 22:17:04');
INSERT INTO `sys_oper_log` (`id`, `title`, `business_type`, `method`, `request_method`, `oper_name`, `oper_url`, `oper_ip`, `oper_param`, `status`, `error_msg`, `time`, `create_by`, `create_time`, `update_by`, `update_time`) VALUES (1522225148048789506, '用户登录', 4, NULL, 'POST', 'fxz', NULL, '127.0.0.1', 'fxz', 0, NULL, NULL, 'fxz', '2022-05-05 22:42:12', 'anonymousUser', '2022-05-05 22:42:11');
INSERT INTO `sys_oper_log` (`id`, `title`, `business_type`, `method`, `request_method`, `oper_name`, `oper_url`, `oper_ip`, `oper_param`, `status`, `error_msg`, `time`, `create_by`, `create_time`, `update_by`, `update_time`) VALUES (1522373545661603842, '用户登录', 4, NULL, 'POST', 'fxz', NULL, '127.0.0.1', 'fxz', 0, NULL, NULL, 'fxz', '2022-05-06 08:31:52', 'anonymousUser', '2022-05-06 08:31:52');
INSERT INTO `sys_oper_log` (`id`, `title`, `business_type`, `method`, `request_method`, `oper_name`, `oper_url`, `oper_ip`, `oper_param`, `status`, `error_msg`, `time`, `create_by`, `create_time`, `update_by`, `update_time`) VALUES (1522398177064185857, '用户登录', 4, NULL, 'POST', 'fxz', NULL, '127.0.0.1', 'fxz', 0, NULL, NULL, 'fxz', '2022-05-06 10:09:45', 'anonymousUser', '2022-05-06 10:09:44');
INSERT INTO `sys_oper_log` (`id`, `title`, `business_type`, `method`, `request_method`, `oper_name`, `oper_url`, `oper_ip`, `oper_param`, `status`, `error_msg`, `time`, `create_by`, `create_time`, `update_by`, `update_time`) VALUES (1522403285105700866, '用户登录', 4, NULL, 'POST', 'fxz', NULL, '127.0.0.1', 'fxz', 0, NULL, NULL, 'fxz', '2022-05-06 10:30:03', 'anonymousUser', '2022-05-06 10:30:02');
INSERT INTO `sys_oper_log` (`id`, `title`, `business_type`, `method`, `request_method`, `oper_name`, `oper_url`, `oper_ip`, `oper_param`, `status`, `error_msg`, `time`, `create_by`, `create_time`, `update_by`, `update_time`) VALUES (1522411005158420481, '用户登录', 4, NULL, 'POST', 'fxz', NULL, '127.0.0.1', 'fxz', 0, NULL, NULL, 'fxz', '2022-05-06 11:00:43', 'anonymousUser', '2022-05-06 11:00:43');
INSERT INTO `sys_oper_log` (`id`, `title`, `business_type`, `method`, `request_method`, `oper_name`, `oper_url`, `oper_ip`, `oper_param`, `status`, `error_msg`, `time`, `create_by`, `create_time`, `update_by`, `update_time`) VALUES (1522427413435052034, '用户登录', 4, NULL, 'POST', 'fxz', NULL, '127.0.0.1', 'fxz', 0, NULL, NULL, 'fxz', '2022-05-06 12:05:55', 'anonymousUser', '2022-05-06 12:05:55');
INSERT INTO `sys_oper_log` (`id`, `title`, `business_type`, `method`, `request_method`, `oper_name`, `oper_url`, `oper_ip`, `oper_param`, `status`, `error_msg`, `time`, `create_by`, `create_time`, `update_by`, `update_time`) VALUES (1522437568881029121, '用户登录', 4, NULL, 'POST', 'fxz', NULL, '127.0.0.1', 'fxz', 0, NULL, NULL, 'fxz', '2022-05-06 12:46:17', 'anonymousUser', '2022-05-06 12:46:16');
INSERT INTO `sys_oper_log` (`id`, `title`, `business_type`, `method`, `request_method`, `oper_name`, `oper_url`, `oper_ip`, `oper_param`, `status`, `error_msg`, `time`, `create_by`, `create_time`, `update_by`, `update_time`) VALUES (1522438519532613634, '用户登录', 4, NULL, 'POST', 'fxz', NULL, '127.0.0.1', 'fxz', 0, NULL, NULL, 'fxz', '2022-05-06 12:50:03', 'anonymousUser', '2022-05-06 12:50:03');
INSERT INTO `sys_oper_log` (`id`, `title`, `business_type`, `method`, `request_method`, `oper_name`, `oper_url`, `oper_ip`, `oper_param`, `status`, `error_msg`, `time`, `create_by`, `create_time`, `update_by`, `update_time`) VALUES (1522438612851683330, '文件管理', 1, 'com.fxz.system.controller.FileController.add()', 'POST', 'fxz', '/file/add', '127.0.0.1', '', NULL, NULL, 495, 'anonymousUser', '2022-05-06 12:50:26', 'anonymousUser', '2022-05-06 12:50:26');
INSERT INTO `sys_oper_log` (`id`, `title`, `business_type`, `method`, `request_method`, `oper_name`, `oper_url`, `oper_ip`, `oper_param`, `status`, `error_msg`, `time`, `create_by`, `create_time`, `update_by`, `update_time`) VALUES (1522438639955275777, '用户登录', 4, NULL, 'POST', 'fxz', NULL, '127.0.0.1', 'fxz', 0, NULL, NULL, 'fxz', '2022-05-06 12:50:32', 'anonymousUser', '2022-05-06 12:50:31');
INSERT INTO `sys_oper_log` (`id`, `title`, `business_type`, `method`, `request_method`, `oper_name`, `oper_url`, `oper_ip`, `oper_param`, `status`, `error_msg`, `time`, `create_by`, `create_time`, `update_by`, `update_time`) VALUES (1522440192661495810, '用户登录', 4, NULL, 'POST', 'fxz', NULL, '127.0.0.1', 'fxz', 0, NULL, NULL, 'fxz', '2022-05-06 12:56:42', 'anonymousUser', '2022-05-06 12:56:42');
INSERT INTO `sys_oper_log` (`id`, `title`, `business_type`, `method`, `request_method`, `oper_name`, `oper_url`, `oper_ip`, `oper_param`, `status`, `error_msg`, `time`, `create_by`, `create_time`, `update_by`, `update_time`) VALUES (1522442259111190530, '用户登录', 4, NULL, 'POST', 'fxz', NULL, '127.0.0.1', 'fxz', 0, NULL, NULL, 'fxz', '2022-05-06 13:04:55', 'anonymousUser', '2022-05-06 13:04:54');
INSERT INTO `sys_oper_log` (`id`, `title`, `business_type`, `method`, `request_method`, `oper_name`, `oper_url`, `oper_ip`, `oper_param`, `status`, `error_msg`, `time`, `create_by`, `create_time`, `update_by`, `update_time`) VALUES (1522494989963943938, '用户登录', 4, NULL, 'POST', 'fxz', NULL, '127.0.0.1', 'fxz', 0, NULL, NULL, 'fxz', '2022-05-06 16:34:27', 'anonymousUser', '2022-05-06 16:34:26');
INSERT INTO `sys_oper_log` (`id`, `title`, `business_type`, `method`, `request_method`, `oper_name`, `oper_url`, `oper_ip`, `oper_param`, `status`, `error_msg`, `time`, `create_by`, `create_time`, `update_by`, `update_time`) VALUES (1522499079234183169, '用户登录', 4, NULL, 'POST', 'fxz', NULL, '127.0.0.1', 'fxz', 0, NULL, NULL, 'fxz', '2022-05-06 16:50:42', 'anonymousUser', '2022-05-06 16:50:41');
INSERT INTO `sys_oper_log` (`id`, `title`, `business_type`, `method`, `request_method`, `oper_name`, `oper_url`, `oper_ip`, `oper_param`, `status`, `error_msg`, `time`, `create_by`, `create_time`, `update_by`, `update_time`) VALUES (1522519987537633281, '用户登录', 4, NULL, 'POST', 'fxz', NULL, '127.0.0.1', 'fxz', 0, NULL, NULL, 'fxz', '2022-05-06 18:13:47', 'anonymousUser', '2022-05-06 18:13:46');
INSERT INTO `sys_oper_log` (`id`, `title`, `business_type`, `method`, `request_method`, `oper_name`, `oper_url`, `oper_ip`, `oper_param`, `status`, `error_msg`, `time`, `create_by`, `create_time`, `update_by`, `update_time`) VALUES (1522523332499267585, '用户登录', 4, NULL, 'POST', 'fxz', NULL, '127.0.0.1', 'fxz', 0, NULL, NULL, 'fxz', '2022-05-06 18:27:04', 'anonymousUser', '2022-05-06 18:27:04');
INSERT INTO `sys_oper_log` (`id`, `title`, `business_type`, `method`, `request_method`, `oper_name`, `oper_url`, `oper_ip`, `oper_param`, `status`, `error_msg`, `time`, `create_by`, `create_time`, `update_by`, `update_time`) VALUES (1522529595970871298, '用户登录', 4, NULL, 'POST', 'fxz', NULL, '127.0.0.1', 'fxz', 0, NULL, NULL, 'fxz', '2022-05-06 18:51:58', 'anonymousUser', '2022-05-06 18:51:57');
INSERT INTO `sys_oper_log` (`id`, `title`, `business_type`, `method`, `request_method`, `oper_name`, `oper_url`, `oper_ip`, `oper_param`, `status`, `error_msg`, `time`, `create_by`, `create_time`, `update_by`, `update_time`) VALUES (1522537101652713474, '文件管理', 1, 'com.fxz.system.controller.FileController.add()', 'POST', 'fxz', '/file/add', '127.0.0.1', '', NULL, NULL, 340, 'anonymousUser', '2022-05-06 19:21:47', 'anonymousUser', '2022-05-06 19:21:47');
INSERT INTO `sys_oper_log` (`id`, `title`, `business_type`, `method`, `request_method`, `oper_name`, `oper_url`, `oper_ip`, `oper_param`, `status`, `error_msg`, `time`, `create_by`, `create_time`, `update_by`, `update_time`) VALUES (1522537646991925250, '用户登录', 4, NULL, 'POST', 'fxz', NULL, '127.0.0.1', 'fxz', 0, NULL, NULL, 'fxz', '2022-05-06 19:23:57', 'anonymousUser', '2022-05-06 19:23:57');
INSERT INTO `sys_oper_log` (`id`, `title`, `business_type`, `method`, `request_method`, `oper_name`, `oper_url`, `oper_ip`, `oper_param`, `status`, `error_msg`, `time`, `create_by`, `create_time`, `update_by`, `update_time`) VALUES (1522538557034258434, '文件管理', 1, 'com.fxz.system.controller.FileController.add()', 'POST', 'fxz', '/file/add', '127.0.0.1', '', NULL, NULL, 343, 'anonymousUser', '2022-05-06 19:27:34', 'anonymousUser', '2022-05-06 19:27:34');
INSERT INTO `sys_oper_log` (`id`, `title`, `business_type`, `method`, `request_method`, `oper_name`, `oper_url`, `oper_ip`, `oper_param`, `status`, `error_msg`, `time`, `create_by`, `create_time`, `update_by`, `update_time`) VALUES (1522539082962231298, '文件管理', 1, 'com.fxz.system.controller.FileController.add()', 'POST', 'fxz', '/file/add', '127.0.0.1', '', NULL, NULL, 323, 'anonymousUser', '2022-05-06 19:29:39', 'anonymousUser', '2022-05-06 19:29:39');
INSERT INTO `sys_oper_log` (`id`, `title`, `business_type`, `method`, `request_method`, `oper_name`, `oper_url`, `oper_ip`, `oper_param`, `status`, `error_msg`, `time`, `create_by`, `create_time`, `update_by`, `update_time`) VALUES (1522539156761010178, '文件管理', 1, 'com.fxz.system.controller.FileController.add()', 'POST', 'fxz', '/file/add', '127.0.0.1', '', NULL, NULL, 215, 'anonymousUser', '2022-05-06 19:29:57', 'anonymousUser', '2022-05-06 19:29:57');
INSERT INTO `sys_oper_log` (`id`, `title`, `business_type`, `method`, `request_method`, `oper_name`, `oper_url`, `oper_ip`, `oper_param`, `status`, `error_msg`, `time`, `create_by`, `create_time`, `update_by`, `update_time`) VALUES (1522539449796059138, '文件管理', 1, 'com.fxz.system.controller.FileController.add()', 'POST', 'fxz', '/file/add', '127.0.0.1', '', NULL, NULL, 330, 'anonymousUser', '2022-05-06 19:31:07', 'anonymousUser', '2022-05-06 19:31:07');
INSERT INTO `sys_oper_log` (`id`, `title`, `business_type`, `method`, `request_method`, `oper_name`, `oper_url`, `oper_ip`, `oper_param`, `status`, `error_msg`, `time`, `create_by`, `create_time`, `update_by`, `update_time`) VALUES (1522539612098846722, '文件管理', 1, 'com.fxz.system.controller.FileController.add()', 'POST', 'fxz', '/file/add', '127.0.0.1', '', NULL, NULL, 469, 'anonymousUser', '2022-05-06 19:31:46', 'anonymousUser', '2022-05-06 19:31:46');
INSERT INTO `sys_oper_log` (`id`, `title`, `business_type`, `method`, `request_method`, `oper_name`, `oper_url`, `oper_ip`, `oper_param`, `status`, `error_msg`, `time`, `create_by`, `create_time`, `update_by`, `update_time`) VALUES (1522539874016354306, '文件管理', 1, 'com.fxz.system.controller.FileController.add()', 'POST', 'fxz', '/file/add', '127.0.0.1', '', NULL, NULL, 220, 'anonymousUser', '2022-05-06 19:32:48', 'anonymousUser', '2022-05-06 19:32:48');
INSERT INTO `sys_oper_log` (`id`, `title`, `business_type`, `method`, `request_method`, `oper_name`, `oper_url`, `oper_ip`, `oper_param`, `status`, `error_msg`, `time`, `create_by`, `create_time`, `update_by`, `update_time`) VALUES (1522540484929314817, '文件管理', 1, 'com.fxz.system.controller.FileController.add()', 'POST', 'fxz', '/file/add', '127.0.0.1', '', NULL, NULL, 265, 'anonymousUser', '2022-05-06 19:35:14', 'anonymousUser', '2022-05-06 19:35:14');
INSERT INTO `sys_oper_log` (`id`, `title`, `business_type`, `method`, `request_method`, `oper_name`, `oper_url`, `oper_ip`, `oper_param`, `status`, `error_msg`, `time`, `create_by`, `create_time`, `update_by`, `update_time`) VALUES (1522544486370828289, '文件管理', 1, 'com.fxz.system.controller.FileController.add()', 'POST', 'fxz', '/file/add', '127.0.0.1', '', NULL, NULL, 248, 'anonymousUser', '2022-05-06 19:51:08', 'anonymousUser', '2022-05-06 19:51:08');
INSERT INTO `sys_oper_log` (`id`, `title`, `business_type`, `method`, `request_method`, `oper_name`, `oper_url`, `oper_ip`, `oper_param`, `status`, `error_msg`, `time`, `create_by`, `create_time`, `update_by`, `update_time`) VALUES (1522544968719982594, '文件管理', 1, 'com.fxz.system.controller.FileController.add()', 'POST', 'fxz', '/file/add', '127.0.0.1', '', NULL, NULL, 283, 'anonymousUser', '2022-05-06 19:53:03', 'anonymousUser', '2022-05-06 19:53:03');
INSERT INTO `sys_oper_log` (`id`, `title`, `business_type`, `method`, `request_method`, `oper_name`, `oper_url`, `oper_ip`, `oper_param`, `status`, `error_msg`, `time`, `create_by`, `create_time`, `update_by`, `update_time`) VALUES (1522546335719153665, '用户登录', 4, NULL, 'POST', 'fxz', NULL, '127.0.0.1', 'fxz', 0, NULL, NULL, 'fxz', '2022-05-06 19:58:29', 'anonymousUser', '2022-05-06 19:58:28');
INSERT INTO `sys_oper_log` (`id`, `title`, `business_type`, `method`, `request_method`, `oper_name`, `oper_url`, `oper_ip`, `oper_param`, `status`, `error_msg`, `time`, `create_by`, `create_time`, `update_by`, `update_time`) VALUES (1522546365297385473, '文件管理', 1, 'com.fxz.system.controller.FileController.add()', 'POST', 'fxz', '/file/add', '127.0.0.1', '', NULL, NULL, 238, 'anonymousUser', '2022-05-06 19:58:36', 'anonymousUser', '2022-05-06 19:58:36');
INSERT INTO `sys_oper_log` (`id`, `title`, `business_type`, `method`, `request_method`, `oper_name`, `oper_url`, `oper_ip`, `oper_param`, `status`, `error_msg`, `time`, `create_by`, `create_time`, `update_by`, `update_time`) VALUES (1522546387090989057, '文件管理', 1, 'com.fxz.system.controller.FileController.add()', 'POST', 'fxz', '/file/add', '127.0.0.1', '', NULL, NULL, 373, 'anonymousUser', '2022-05-06 19:58:41', 'anonymousUser', '2022-05-06 19:58:41');
INSERT INTO `sys_oper_log` (`id`, `title`, `business_type`, `method`, `request_method`, `oper_name`, `oper_url`, `oper_ip`, `oper_param`, `status`, `error_msg`, `time`, `create_by`, `create_time`, `update_by`, `update_time`) VALUES (1522546987950202882, '文件管理', 1, 'com.fxz.system.controller.FileController.add()', 'POST', 'fxz', '/file/add', '127.0.0.1', '', NULL, NULL, 323, 'anonymousUser', '2022-05-06 20:01:04', 'anonymousUser', '2022-05-06 20:01:04');
INSERT INTO `sys_oper_log` (`id`, `title`, `business_type`, `method`, `request_method`, `oper_name`, `oper_url`, `oper_ip`, `oper_param`, `status`, `error_msg`, `time`, `create_by`, `create_time`, `update_by`, `update_time`) VALUES (1522547604269621249, '文件管理', 1, 'com.fxz.system.controller.FileController.add()', 'POST', 'fxz', '/file/add', '127.0.0.1', '', NULL, NULL, 17188, 'anonymousUser', '2022-05-06 20:03:31', 'anonymousUser', '2022-05-06 20:03:31');
INSERT INTO `sys_oper_log` (`id`, `title`, `business_type`, `method`, `request_method`, `oper_name`, `oper_url`, `oper_ip`, `oper_param`, `status`, `error_msg`, `time`, `create_by`, `create_time`, `update_by`, `update_time`) VALUES (1522547749027635202, '文件管理', 1, 'com.fxz.system.controller.FileController.add()', 'POST', 'fxz', '/file/add', '127.0.0.1', '', NULL, NULL, 470, 'anonymousUser', '2022-05-06 20:04:06', 'anonymousUser', '2022-05-06 20:04:06');
INSERT INTO `sys_oper_log` (`id`, `title`, `business_type`, `method`, `request_method`, `oper_name`, `oper_url`, `oper_ip`, `oper_param`, `status`, `error_msg`, `time`, `create_by`, `create_time`, `update_by`, `update_time`) VALUES (1522548287957950465, '文件管理', 1, 'com.fxz.system.controller.FileController.add()', 'POST', 'fxz', '/file/add', '127.0.0.1', '', NULL, NULL, 457, 'anonymousUser', '2022-05-06 20:06:14', 'anonymousUser', '2022-05-06 20:06:14');
INSERT INTO `sys_oper_log` (`id`, `title`, `business_type`, `method`, `request_method`, `oper_name`, `oper_url`, `oper_ip`, `oper_param`, `status`, `error_msg`, `time`, `create_by`, `create_time`, `update_by`, `update_time`) VALUES (1522550379632189442, '文件管理', 1, 'com.fxz.system.controller.FileController.add()', 'POST', 'fxz', '/file/add', '127.0.0.1', '', NULL, NULL, 579, 'anonymousUser', '2022-05-06 20:14:33', 'anonymousUser', '2022-05-06 20:14:33');
INSERT INTO `sys_oper_log` (`id`, `title`, `business_type`, `method`, `request_method`, `oper_name`, `oper_url`, `oper_ip`, `oper_param`, `status`, `error_msg`, `time`, `create_by`, `create_time`, `update_by`, `update_time`) VALUES (1522550693282242561, '文件管理', 1, 'com.fxz.system.controller.FileController.add()', 'POST', 'fxz', '/file/add', '127.0.0.1', '', NULL, NULL, 542, 'anonymousUser', '2022-05-06 20:15:48', 'anonymousUser', '2022-05-06 20:15:48');
INSERT INTO `sys_oper_log` (`id`, `title`, `business_type`, `method`, `request_method`, `oper_name`, `oper_url`, `oper_ip`, `oper_param`, `status`, `error_msg`, `time`, `create_by`, `create_time`, `update_by`, `update_time`) VALUES (1522550710898319362, '文件管理', 1, 'com.fxz.system.controller.FileController.add()', 'POST', 'fxz', '/file/add', '127.0.0.1', '', NULL, NULL, 270, 'anonymousUser', '2022-05-06 20:15:52', 'anonymousUser', '2022-05-06 20:15:52');
INSERT INTO `sys_oper_log` (`id`, `title`, `business_type`, `method`, `request_method`, `oper_name`, `oper_url`, `oper_ip`, `oper_param`, `status`, `error_msg`, `time`, `create_by`, `create_time`, `update_by`, `update_time`) VALUES (1522550753906712577, '文件管理', 1, 'com.fxz.system.controller.FileController.add()', 'POST', 'fxz', '/file/add', '127.0.0.1', '', NULL, NULL, 201, 'anonymousUser', '2022-05-06 20:16:02', 'anonymousUser', '2022-05-06 20:16:02');
INSERT INTO `sys_oper_log` (`id`, `title`, `business_type`, `method`, `request_method`, `oper_name`, `oper_url`, `oper_ip`, `oper_param`, `status`, `error_msg`, `time`, `create_by`, `create_time`, `update_by`, `update_time`) VALUES (1522551017564856322, '文件管理', 1, 'com.fxz.system.controller.FileController.add()', 'POST', 'fxz', '/file/add', '127.0.0.1', '', NULL, NULL, 546, 'anonymousUser', '2022-05-06 20:17:05', 'anonymousUser', '2022-05-06 20:17:05');
INSERT INTO `sys_oper_log` (`id`, `title`, `business_type`, `method`, `request_method`, `oper_name`, `oper_url`, `oper_ip`, `oper_param`, `status`, `error_msg`, `time`, `create_by`, `create_time`, `update_by`, `update_time`) VALUES (1522551184145833985, '文件管理', 1, 'com.fxz.system.controller.FileController.add()', 'POST', 'fxz', '/file/add', '127.0.0.1', '', NULL, NULL, 235, 'anonymousUser', '2022-05-06 20:17:45', 'anonymousUser', '2022-05-06 20:17:45');
INSERT INTO `sys_oper_log` (`id`, `title`, `business_type`, `method`, `request_method`, `oper_name`, `oper_url`, `oper_ip`, `oper_param`, `status`, `error_msg`, `time`, `create_by`, `create_time`, `update_by`, `update_time`) VALUES (1522551332087324674, '文件管理', 1, 'com.fxz.system.controller.FileController.add()', 'POST', 'fxz', '/file/add', '127.0.0.1', '', NULL, NULL, 222, 'anonymousUser', '2022-05-06 20:18:20', 'anonymousUser', '2022-05-06 20:18:20');
INSERT INTO `sys_oper_log` (`id`, `title`, `business_type`, `method`, `request_method`, `oper_name`, `oper_url`, `oper_ip`, `oper_param`, `status`, `error_msg`, `time`, `create_by`, `create_time`, `update_by`, `update_time`) VALUES (1522552341555634178, '文件管理', 1, 'com.fxz.system.controller.FileController.add()', 'POST', 'fxz', '/file/add', '127.0.0.1', '', NULL, NULL, 280, 'anonymousUser', '2022-05-06 20:22:21', 'anonymousUser', '2022-05-06 20:22:21');
INSERT INTO `sys_oper_log` (`id`, `title`, `business_type`, `method`, `request_method`, `oper_name`, `oper_url`, `oper_ip`, `oper_param`, `status`, `error_msg`, `time`, `create_by`, `create_time`, `update_by`, `update_time`) VALUES (1522552494358323202, '文件管理', 1, 'com.fxz.system.controller.FileController.add()', 'POST', 'fxz', '/file/add', '127.0.0.1', '', NULL, NULL, 205, 'anonymousUser', '2022-05-06 20:22:57', 'anonymousUser', '2022-05-06 20:22:57');
INSERT INTO `sys_oper_log` (`id`, `title`, `business_type`, `method`, `request_method`, `oper_name`, `oper_url`, `oper_ip`, `oper_param`, `status`, `error_msg`, `time`, `create_by`, `create_time`, `update_by`, `update_time`) VALUES (1522552963382173698, '文件管理', 1, 'com.fxz.system.controller.FileController.add()', 'POST', 'fxz', '/file/add', '127.0.0.1', '', NULL, NULL, 467, 'anonymousUser', '2022-05-06 20:24:49', 'anonymousUser', '2022-05-06 20:24:49');
INSERT INTO `sys_oper_log` (`id`, `title`, `business_type`, `method`, `request_method`, `oper_name`, `oper_url`, `oper_ip`, `oper_param`, `status`, `error_msg`, `time`, `create_by`, `create_time`, `update_by`, `update_time`) VALUES (1522553123868827649, '文件管理', 1, 'com.fxz.system.controller.FileController.add()', 'POST', 'fxz', '/file/add', '127.0.0.1', '', NULL, NULL, 213, 'anonymousUser', '2022-05-06 20:25:27', 'anonymousUser', '2022-05-06 20:25:27');
INSERT INTO `sys_oper_log` (`id`, `title`, `business_type`, `method`, `request_method`, `oper_name`, `oper_url`, `oper_ip`, `oper_param`, `status`, `error_msg`, `time`, `create_by`, `create_time`, `update_by`, `update_time`) VALUES (1522553422582964225, '文件管理', 1, 'com.fxz.system.controller.FileController.add()', 'POST', 'fxz', '/file/add', '127.0.0.1', '', NULL, NULL, 523, 'anonymousUser', '2022-05-06 20:26:38', 'anonymousUser', '2022-05-06 20:26:38');
INSERT INTO `sys_oper_log` (`id`, `title`, `business_type`, `method`, `request_method`, `oper_name`, `oper_url`, `oper_ip`, `oper_param`, `status`, `error_msg`, `time`, `create_by`, `create_time`, `update_by`, `update_time`) VALUES (1522554152911953921, '文件管理', 1, 'com.fxz.system.controller.FileController.add()', 'POST', 'fxz', '/file/add', '127.0.0.1', '', NULL, NULL, 235, 'anonymousUser', '2022-05-06 20:29:32', 'anonymousUser', '2022-05-06 20:29:32');
INSERT INTO `sys_oper_log` (`id`, `title`, `business_type`, `method`, `request_method`, `oper_name`, `oper_url`, `oper_ip`, `oper_param`, `status`, `error_msg`, `time`, `create_by`, `create_time`, `update_by`, `update_time`) VALUES (1522554169143910401, '文件管理', 1, 'com.fxz.system.controller.FileController.add()', 'POST', 'fxz', '/file/add', '127.0.0.1', '', NULL, NULL, 298, 'anonymousUser', '2022-05-06 20:29:36', 'anonymousUser', '2022-05-06 20:29:36');
INSERT INTO `sys_oper_log` (`id`, `title`, `business_type`, `method`, `request_method`, `oper_name`, `oper_url`, `oper_ip`, `oper_param`, `status`, `error_msg`, `time`, `create_by`, `create_time`, `update_by`, `update_time`) VALUES (1522554408324096001, '用户登录', 4, NULL, 'POST', 'fxz', NULL, '127.0.0.1', 'fxz', 0, NULL, NULL, 'fxz', '2022-05-06 20:30:33', 'anonymousUser', '2022-05-06 20:30:33');
INSERT INTO `sys_oper_log` (`id`, `title`, `business_type`, `method`, `request_method`, `oper_name`, `oper_url`, `oper_ip`, `oper_param`, `status`, `error_msg`, `time`, `create_by`, `create_time`, `update_by`, `update_time`) VALUES (1522554439294836737, '文件管理', 1, 'com.fxz.system.controller.FileController.add()', 'POST', 'fxz', '/file/add', '127.0.0.1', '', NULL, NULL, 330, 'anonymousUser', '2022-05-06 20:30:41', 'anonymousUser', '2022-05-06 20:30:41');
INSERT INTO `sys_oper_log` (`id`, `title`, `business_type`, `method`, `request_method`, `oper_name`, `oper_url`, `oper_ip`, `oper_param`, `status`, `error_msg`, `time`, `create_by`, `create_time`, `update_by`, `update_time`) VALUES (1522554452045520898, '文件管理', 1, 'com.fxz.system.controller.FileController.add()', 'POST', 'fxz', '/file/add', '127.0.0.1', '', NULL, NULL, 475, 'anonymousUser', '2022-05-06 20:30:44', 'anonymousUser', '2022-05-06 20:30:44');
INSERT INTO `sys_oper_log` (`id`, `title`, `business_type`, `method`, `request_method`, `oper_name`, `oper_url`, `oper_ip`, `oper_param`, `status`, `error_msg`, `time`, `create_by`, `create_time`, `update_by`, `update_time`) VALUES (1522554506193985538, '文件管理', 1, 'com.fxz.system.controller.FileController.add()', 'POST', 'fxz', '/file/add', '127.0.0.1', '', NULL, NULL, 406, 'anonymousUser', '2022-05-06 20:30:57', 'anonymousUser', '2022-05-06 20:30:57');
INSERT INTO `sys_oper_log` (`id`, `title`, `business_type`, `method`, `request_method`, `oper_name`, `oper_url`, `oper_ip`, `oper_param`, `status`, `error_msg`, `time`, `create_by`, `create_time`, `update_by`, `update_time`) VALUES (1522555368320589826, '用户登录', 4, NULL, 'POST', 'fxz', NULL, '127.0.0.1', 'fxz', 0, NULL, NULL, 'fxz', '2022-05-06 20:34:22', 'anonymousUser', '2022-05-06 20:34:22');
INSERT INTO `sys_oper_log` (`id`, `title`, `business_type`, `method`, `request_method`, `oper_name`, `oper_url`, `oper_ip`, `oper_param`, `status`, `error_msg`, `time`, `create_by`, `create_time`, `update_by`, `update_time`) VALUES (1522556278132236289, '文件管理', 1, 'com.fxz.system.controller.FileController.add()', 'POST', 'fxz', '/file/add', '127.0.0.1', '', NULL, NULL, 295, 'anonymousUser', '2022-05-06 20:37:59', 'anonymousUser', '2022-05-06 20:37:59');
INSERT INTO `sys_oper_log` (`id`, `title`, `business_type`, `method`, `request_method`, `oper_name`, `oper_url`, `oper_ip`, `oper_param`, `status`, `error_msg`, `time`, `create_by`, `create_time`, `update_by`, `update_time`) VALUES (1522556319483879425, '文件管理', 1, 'com.fxz.system.controller.FileController.add()', 'POST', 'fxz', '/file/add', '127.0.0.1', '', NULL, NULL, 354, 'anonymousUser', '2022-05-06 20:38:09', 'anonymousUser', '2022-05-06 20:38:09');
INSERT INTO `sys_oper_log` (`id`, `title`, `business_type`, `method`, `request_method`, `oper_name`, `oper_url`, `oper_ip`, `oper_param`, `status`, `error_msg`, `time`, `create_by`, `create_time`, `update_by`, `update_time`) VALUES (1522556940748382210, '文件管理', 1, 'com.fxz.system.controller.FileController.add()', 'POST', 'fxz', '/file/add', '127.0.0.1', '', NULL, NULL, 405, 'anonymousUser', '2022-05-06 20:40:37', 'anonymousUser', '2022-05-06 20:40:37');
INSERT INTO `sys_oper_log` (`id`, `title`, `business_type`, `method`, `request_method`, `oper_name`, `oper_url`, `oper_ip`, `oper_param`, `status`, `error_msg`, `time`, `create_by`, `create_time`, `update_by`, `update_time`) VALUES (1522557016426209282, '文件管理', 1, 'com.fxz.system.controller.FileController.add()', 'POST', 'fxz', '/file/add', '127.0.0.1', '', NULL, NULL, 332, 'anonymousUser', '2022-05-06 20:40:55', 'anonymousUser', '2022-05-06 20:40:55');
INSERT INTO `sys_oper_log` (`id`, `title`, `business_type`, `method`, `request_method`, `oper_name`, `oper_url`, `oper_ip`, `oper_param`, `status`, `error_msg`, `time`, `create_by`, `create_time`, `update_by`, `update_time`) VALUES (1522557227735244801, '文件管理', 1, 'com.fxz.system.controller.FileController.add()', 'POST', 'fxz', '/file/add', '127.0.0.1', '', NULL, NULL, 262, 'anonymousUser', '2022-05-06 20:41:45', 'anonymousUser', '2022-05-06 20:41:45');
INSERT INTO `sys_oper_log` (`id`, `title`, `business_type`, `method`, `request_method`, `oper_name`, `oper_url`, `oper_ip`, `oper_param`, `status`, `error_msg`, `time`, `create_by`, `create_time`, `update_by`, `update_time`) VALUES (1522557574830678018, '文件管理', 1, 'com.fxz.system.controller.FileController.add()', 'POST', 'fxz', '/file/add', '127.0.0.1', '', NULL, NULL, 316, 'anonymousUser', '2022-05-06 20:43:08', 'anonymousUser', '2022-05-06 20:43:08');
INSERT INTO `sys_oper_log` (`id`, `title`, `business_type`, `method`, `request_method`, `oper_name`, `oper_url`, `oper_ip`, `oper_param`, `status`, `error_msg`, `time`, `create_by`, `create_time`, `update_by`, `update_time`) VALUES (1522557638449881089, '文件管理', 1, 'com.fxz.system.controller.FileController.add()', 'POST', 'fxz', '/file/add', '127.0.0.1', '', NULL, NULL, 216, 'anonymousUser', '2022-05-06 20:43:23', 'anonymousUser', '2022-05-06 20:43:23');
INSERT INTO `sys_oper_log` (`id`, `title`, `business_type`, `method`, `request_method`, `oper_name`, `oper_url`, `oper_ip`, `oper_param`, `status`, `error_msg`, `time`, `create_by`, `create_time`, `update_by`, `update_time`) VALUES (1522558023705092097, '文件管理', 1, 'com.fxz.system.controller.FileController.add()', 'POST', 'fxz', '/file/add', '127.0.0.1', '', NULL, NULL, 292, 'anonymousUser', '2022-05-06 20:44:55', 'anonymousUser', '2022-05-06 20:44:55');
INSERT INTO `sys_oper_log` (`id`, `title`, `business_type`, `method`, `request_method`, `oper_name`, `oper_url`, `oper_ip`, `oper_param`, `status`, `error_msg`, `time`, `create_by`, `create_time`, `update_by`, `update_time`) VALUES (1522558776515551234, '文件管理', 1, 'com.fxz.system.controller.FileController.add()', 'POST', 'fxz', '/file/add', '127.0.0.1', '', NULL, NULL, 386, 'anonymousUser', '2022-05-06 20:47:55', 'anonymousUser', '2022-05-06 20:47:55');
INSERT INTO `sys_oper_log` (`id`, `title`, `business_type`, `method`, `request_method`, `oper_name`, `oper_url`, `oper_ip`, `oper_param`, `status`, `error_msg`, `time`, `create_by`, `create_time`, `update_by`, `update_time`) VALUES (1522558792978194434, '文件管理', 1, 'com.fxz.system.controller.FileController.add()', 'POST', 'fxz', '/file/add', '127.0.0.1', '', NULL, NULL, 1207, 'anonymousUser', '2022-05-06 20:47:59', 'anonymousUser', '2022-05-06 20:47:59');
INSERT INTO `sys_oper_log` (`id`, `title`, `business_type`, `method`, `request_method`, `oper_name`, `oper_url`, `oper_ip`, `oper_param`, `status`, `error_msg`, `time`, `create_by`, `create_time`, `update_by`, `update_time`) VALUES (1522558879611543553, '文件管理', 1, 'com.fxz.system.controller.FileController.add()', 'POST', 'fxz', '/file/add', '127.0.0.1', '', NULL, NULL, 255, 'anonymousUser', '2022-05-06 20:48:19', 'anonymousUser', '2022-05-06 20:48:19');
INSERT INTO `sys_oper_log` (`id`, `title`, `business_type`, `method`, `request_method`, `oper_name`, `oper_url`, `oper_ip`, `oper_param`, `status`, `error_msg`, `time`, `create_by`, `create_time`, `update_by`, `update_time`) VALUES (1522558892911681538, '文件管理', 1, 'com.fxz.system.controller.FileController.add()', 'POST', 'fxz', '/file/add', '127.0.0.1', '', NULL, NULL, 468, 'anonymousUser', '2022-05-06 20:48:23', 'anonymousUser', '2022-05-06 20:48:23');
INSERT INTO `sys_oper_log` (`id`, `title`, `business_type`, `method`, `request_method`, `oper_name`, `oper_url`, `oper_ip`, `oper_param`, `status`, `error_msg`, `time`, `create_by`, `create_time`, `update_by`, `update_time`) VALUES (1522558977502404610, '文件管理', 1, 'com.fxz.system.controller.FileController.add()', 'POST', 'fxz', '/file/add', '127.0.0.1', '', NULL, NULL, 216, 'anonymousUser', '2022-05-06 20:48:43', 'anonymousUser', '2022-05-06 20:48:43');
INSERT INTO `sys_oper_log` (`id`, `title`, `business_type`, `method`, `request_method`, `oper_name`, `oper_url`, `oper_ip`, `oper_param`, `status`, `error_msg`, `time`, `create_by`, `create_time`, `update_by`, `update_time`) VALUES (1522559476314202113, '文件管理', 1, 'com.fxz.system.controller.FileController.add()', 'POST', 'fxz', '/file/add', '127.0.0.1', '', NULL, NULL, 404, 'anonymousUser', '2022-05-06 20:50:42', 'anonymousUser', '2022-05-06 20:50:42');
INSERT INTO `sys_oper_log` (`id`, `title`, `business_type`, `method`, `request_method`, `oper_name`, `oper_url`, `oper_ip`, `oper_param`, `status`, `error_msg`, `time`, `create_by`, `create_time`, `update_by`, `update_time`) VALUES (1522559549978763266, '文件管理', 1, 'com.fxz.system.controller.FileController.add()', 'POST', 'fxz', '/file/add', '127.0.0.1', '', NULL, NULL, 367, 'anonymousUser', '2022-05-06 20:50:59', 'anonymousUser', '2022-05-06 20:50:59');
INSERT INTO `sys_oper_log` (`id`, `title`, `business_type`, `method`, `request_method`, `oper_name`, `oper_url`, `oper_ip`, `oper_param`, `status`, `error_msg`, `time`, `create_by`, `create_time`, `update_by`, `update_time`) VALUES (1522559658468630530, '文件管理', 1, 'com.fxz.system.controller.FileController.add()', 'POST', 'fxz', '/file/add', '127.0.0.1', '', NULL, NULL, 240, 'anonymousUser', '2022-05-06 20:51:25', 'anonymousUser', '2022-05-06 20:51:25');
INSERT INTO `sys_oper_log` (`id`, `title`, `business_type`, `method`, `request_method`, `oper_name`, `oper_url`, `oper_ip`, `oper_param`, `status`, `error_msg`, `time`, `create_by`, `create_time`, `update_by`, `update_time`) VALUES (1522559669575147521, '文件管理', 1, 'com.fxz.system.controller.FileController.add()', 'POST', 'fxz', '/file/add', '127.0.0.1', '', NULL, NULL, 293, 'anonymousUser', '2022-05-06 20:51:28', 'anonymousUser', '2022-05-06 20:51:28');
INSERT INTO `sys_oper_log` (`id`, `title`, `business_type`, `method`, `request_method`, `oper_name`, `oper_url`, `oper_ip`, `oper_param`, `status`, `error_msg`, `time`, `create_by`, `create_time`, `update_by`, `update_time`) VALUES (1522559848122474498, '文件管理', 1, 'com.fxz.system.controller.FileController.add()', 'POST', 'fxz', '/file/add', '127.0.0.1', '', NULL, NULL, 240, 'anonymousUser', '2022-05-06 20:52:10', 'anonymousUser', '2022-05-06 20:52:10');
INSERT INTO `sys_oper_log` (`id`, `title`, `business_type`, `method`, `request_method`, `oper_name`, `oper_url`, `oper_ip`, `oper_param`, `status`, `error_msg`, `time`, `create_by`, `create_time`, `update_by`, `update_time`) VALUES (1522561212844138497, '用户登录', 4, NULL, 'POST', 'fxz', NULL, '127.0.0.1', 'fxz', 0, NULL, NULL, 'fxz', '2022-05-06 20:57:36', 'anonymousUser', '2022-05-06 20:57:35');
INSERT INTO `sys_oper_log` (`id`, `title`, `business_type`, `method`, `request_method`, `oper_name`, `oper_url`, `oper_ip`, `oper_param`, `status`, `error_msg`, `time`, `create_by`, `create_time`, `update_by`, `update_time`) VALUES (1522561284348633089, '文件管理', 1, 'com.fxz.system.controller.FileController.add()', 'POST', 'fxz', '/file/add', '127.0.0.1', '', NULL, NULL, 273, 'anonymousUser', '2022-05-06 20:57:53', 'anonymousUser', '2022-05-06 20:57:53');
INSERT INTO `sys_oper_log` (`id`, `title`, `business_type`, `method`, `request_method`, `oper_name`, `oper_url`, `oper_ip`, `oper_param`, `status`, `error_msg`, `time`, `create_by`, `create_time`, `update_by`, `update_time`) VALUES (1522563221869617153, '文件管理', 1, 'com.fxz.system.controller.FileController.add()', 'POST', 'fxz', '/file/add', '127.0.0.1', '', NULL, NULL, 339, 'anonymousUser', '2022-05-06 21:05:35', 'anonymousUser', '2022-05-06 21:05:35');
INSERT INTO `sys_oper_log` (`id`, `title`, `business_type`, `method`, `request_method`, `oper_name`, `oper_url`, `oper_ip`, `oper_param`, `status`, `error_msg`, `time`, `create_by`, `create_time`, `update_by`, `update_time`) VALUES (1522563432742445057, '文件管理', 1, 'com.fxz.system.controller.FileController.add()', 'POST', 'fxz', '/file/add', '127.0.0.1', '', NULL, NULL, 222, 'anonymousUser', '2022-05-06 21:06:25', 'anonymousUser', '2022-05-06 21:06:25');
INSERT INTO `sys_oper_log` (`id`, `title`, `business_type`, `method`, `request_method`, `oper_name`, `oper_url`, `oper_ip`, `oper_param`, `status`, `error_msg`, `time`, `create_by`, `create_time`, `update_by`, `update_time`) VALUES (1522563459057508354, '文件管理', 1, 'com.fxz.system.controller.FileController.add()', 'POST', 'fxz', '/file/add', '127.0.0.1', '', NULL, NULL, 355, 'anonymousUser', '2022-05-06 21:06:31', 'anonymousUser', '2022-05-06 21:06:31');
INSERT INTO `sys_oper_log` (`id`, `title`, `business_type`, `method`, `request_method`, `oper_name`, `oper_url`, `oper_ip`, `oper_param`, `status`, `error_msg`, `time`, `create_by`, `create_time`, `update_by`, `update_time`) VALUES (1522563510458703874, '文件管理', 1, 'com.fxz.system.controller.FileController.add()', 'POST', 'fxz', '/file/add', '127.0.0.1', '', NULL, NULL, 284, 'anonymousUser', '2022-05-06 21:06:43', 'anonymousUser', '2022-05-06 21:06:43');
INSERT INTO `sys_oper_log` (`id`, `title`, `business_type`, `method`, `request_method`, `oper_name`, `oper_url`, `oper_ip`, `oper_param`, `status`, `error_msg`, `time`, `create_by`, `create_time`, `update_by`, `update_time`) VALUES (1522563548031279105, '文件管理', 1, 'com.fxz.system.controller.FileController.add()', 'POST', 'fxz', '/file/add', '127.0.0.1', '', NULL, NULL, 281, 'anonymousUser', '2022-05-06 21:06:52', 'anonymousUser', '2022-05-06 21:06:52');
INSERT INTO `sys_oper_log` (`id`, `title`, `business_type`, `method`, `request_method`, `oper_name`, `oper_url`, `oper_ip`, `oper_param`, `status`, `error_msg`, `time`, `create_by`, `create_time`, `update_by`, `update_time`) VALUES (1522563734103187457, '文件管理', 1, 'com.fxz.system.controller.FileController.add()', 'POST', 'fxz', '/file/add', '127.0.0.1', '', NULL, NULL, 281, 'anonymousUser', '2022-05-06 21:07:37', 'anonymousUser', '2022-05-06 21:07:37');
INSERT INTO `sys_oper_log` (`id`, `title`, `business_type`, `method`, `request_method`, `oper_name`, `oper_url`, `oper_ip`, `oper_param`, `status`, `error_msg`, `time`, `create_by`, `create_time`, `update_by`, `update_time`) VALUES (1522564136332746753, '文件管理', 1, 'com.fxz.system.controller.FileController.add()', 'POST', 'fxz', '/file/add', '127.0.0.1', '', NULL, NULL, 512, 'anonymousUser', '2022-05-06 21:09:13', 'anonymousUser', '2022-05-06 21:09:13');
INSERT INTO `sys_oper_log` (`id`, `title`, `business_type`, `method`, `request_method`, `oper_name`, `oper_url`, `oper_ip`, `oper_param`, `status`, `error_msg`, `time`, `create_by`, `create_time`, `update_by`, `update_time`) VALUES (1522564157560119297, '文件管理', 1, 'com.fxz.system.controller.FileController.add()', 'POST', 'fxz', '/file/add', '127.0.0.1', '', NULL, NULL, 201, 'anonymousUser', '2022-05-06 21:09:18', 'anonymousUser', '2022-05-06 21:09:18');
INSERT INTO `sys_oper_log` (`id`, `title`, `business_type`, `method`, `request_method`, `oper_name`, `oper_url`, `oper_ip`, `oper_param`, `status`, `error_msg`, `time`, `create_by`, `create_time`, `update_by`, `update_time`) VALUES (1522564193111040001, '文件管理', 1, 'com.fxz.system.controller.FileController.add()', 'POST', 'fxz', '/file/add', '127.0.0.1', '', NULL, NULL, 210, 'anonymousUser', '2022-05-06 21:09:26', 'anonymousUser', '2022-05-06 21:09:26');
INSERT INTO `sys_oper_log` (`id`, `title`, `business_type`, `method`, `request_method`, `oper_name`, `oper_url`, `oper_ip`, `oper_param`, `status`, `error_msg`, `time`, `create_by`, `create_time`, `update_by`, `update_time`) VALUES (1522564300090957825, '文件管理', 1, 'com.fxz.system.controller.FileController.add()', 'POST', 'fxz', '/file/add', '127.0.0.1', '', NULL, NULL, 218, 'anonymousUser', '2022-05-06 21:09:52', 'anonymousUser', '2022-05-06 21:09:52');
INSERT INTO `sys_oper_log` (`id`, `title`, `business_type`, `method`, `request_method`, `oper_name`, `oper_url`, `oper_ip`, `oper_param`, `status`, `error_msg`, `time`, `create_by`, `create_time`, `update_by`, `update_time`) VALUES (1522564469943492610, '文件管理', 1, 'com.fxz.system.controller.FileController.add()', 'POST', 'fxz', '/file/add', '127.0.0.1', '', NULL, NULL, 560, 'anonymousUser', '2022-05-06 21:10:32', 'anonymousUser', '2022-05-06 21:10:32');
INSERT INTO `sys_oper_log` (`id`, `title`, `business_type`, `method`, `request_method`, `oper_name`, `oper_url`, `oper_ip`, `oper_param`, `status`, `error_msg`, `time`, `create_by`, `create_time`, `update_by`, `update_time`) VALUES (1522564484191543298, '文件管理', 1, 'com.fxz.system.controller.FileController.add()', 'POST', 'fxz', '/file/add', '127.0.0.1', '', NULL, NULL, 281, 'anonymousUser', '2022-05-06 21:10:36', 'anonymousUser', '2022-05-06 21:10:36');
INSERT INTO `sys_oper_log` (`id`, `title`, `business_type`, `method`, `request_method`, `oper_name`, `oper_url`, `oper_ip`, `oper_param`, `status`, `error_msg`, `time`, `create_by`, `create_time`, `update_by`, `update_time`) VALUES (1522564567448477697, '文件管理', 1, 'com.fxz.system.controller.FileController.add()', 'POST', 'fxz', '/file/add', '127.0.0.1', '', NULL, NULL, 510, 'anonymousUser', '2022-05-06 21:10:55', 'anonymousUser', '2022-05-06 21:10:55');
INSERT INTO `sys_oper_log` (`id`, `title`, `business_type`, `method`, `request_method`, `oper_name`, `oper_url`, `oper_ip`, `oper_param`, `status`, `error_msg`, `time`, `create_by`, `create_time`, `update_by`, `update_time`) VALUES (1522564593620934658, '文件管理', 1, 'com.fxz.system.controller.FileController.add()', 'POST', 'fxz', '/file/add', '127.0.0.1', '', NULL, NULL, 497, 'anonymousUser', '2022-05-06 21:11:02', 'anonymousUser', '2022-05-06 21:11:02');
INSERT INTO `sys_oper_log` (`id`, `title`, `business_type`, `method`, `request_method`, `oper_name`, `oper_url`, `oper_ip`, `oper_param`, `status`, `error_msg`, `time`, `create_by`, `create_time`, `update_by`, `update_time`) VALUES (1522568391722590209, '用户登录', 4, NULL, 'POST', 'fxz', NULL, '127.0.0.1', 'fxz', 0, NULL, NULL, 'fxz', '2022-05-06 21:26:07', 'anonymousUser', '2022-05-06 21:26:07');
INSERT INTO `sys_oper_log` (`id`, `title`, `business_type`, `method`, `request_method`, `oper_name`, `oper_url`, `oper_ip`, `oper_param`, `status`, `error_msg`, `time`, `create_by`, `create_time`, `update_by`, `update_time`) VALUES (1522575445359124481, '文件管理', 1, 'com.fxz.system.controller.FileController.add()', 'POST', 'fxz', '/file/add', '127.0.0.1', '', NULL, NULL, 379, 'anonymousUser', '2022-05-06 21:54:09', 'anonymousUser', '2022-05-06 21:54:09');
INSERT INTO `sys_oper_log` (`id`, `title`, `business_type`, `method`, `request_method`, `oper_name`, `oper_url`, `oper_ip`, `oper_param`, `status`, `error_msg`, `time`, `create_by`, `create_time`, `update_by`, `update_time`) VALUES (1522576561014628354, '用户登录', 4, NULL, 'POST', 'fxz', NULL, '127.0.0.1', 'fxz', 0, NULL, NULL, 'fxz', '2022-05-06 21:58:35', 'anonymousUser', '2022-05-06 21:58:34');
INSERT INTO `sys_oper_log` (`id`, `title`, `business_type`, `method`, `request_method`, `oper_name`, `oper_url`, `oper_ip`, `oper_param`, `status`, `error_msg`, `time`, `create_by`, `create_time`, `update_by`, `update_time`) VALUES (1522577041602174978, '文件管理', 1, 'com.fxz.system.controller.FileController.add()', 'POST', 'fxz', '/file/add', '127.0.0.1', '', NULL, NULL, 336, 'anonymousUser', '2022-05-06 22:00:29', 'anonymousUser', '2022-05-06 22:00:29');
INSERT INTO `sys_oper_log` (`id`, `title`, `business_type`, `method`, `request_method`, `oper_name`, `oper_url`, `oper_ip`, `oper_param`, `status`, `error_msg`, `time`, `create_by`, `create_time`, `update_by`, `update_time`) VALUES (1522577053123928065, '文件管理', 1, 'com.fxz.system.controller.FileController.add()', 'POST', 'fxz', '/file/add', '127.0.0.1', '', NULL, NULL, 372, 'anonymousUser', '2022-05-06 22:00:32', 'anonymousUser', '2022-05-06 22:00:32');
INSERT INTO `sys_oper_log` (`id`, `title`, `business_type`, `method`, `request_method`, `oper_name`, `oper_url`, `oper_ip`, `oper_param`, `status`, `error_msg`, `time`, `create_by`, `create_time`, `update_by`, `update_time`) VALUES (1522577063005708289, '文件管理', 1, 'com.fxz.system.controller.FileController.add()', 'POST', 'fxz', '/file/add', '127.0.0.1', '', NULL, NULL, 569, 'anonymousUser', '2022-05-06 22:00:35', 'anonymousUser', '2022-05-06 22:00:35');
INSERT INTO `sys_oper_log` (`id`, `title`, `business_type`, `method`, `request_method`, `oper_name`, `oper_url`, `oper_ip`, `oper_param`, `status`, `error_msg`, `time`, `create_by`, `create_time`, `update_by`, `update_time`) VALUES (1522581484473212930, '用户登录', 4, NULL, 'POST', 'fxz', NULL, '127.0.0.1', 'fxz', 0, NULL, NULL, 'fxz', '2022-05-06 22:18:09', 'anonymousUser', '2022-05-06 22:18:08');
INSERT INTO `sys_oper_log` (`id`, `title`, `business_type`, `method`, `request_method`, `oper_name`, `oper_url`, `oper_ip`, `oper_param`, `status`, `error_msg`, `time`, `create_by`, `create_time`, `update_by`, `update_time`) VALUES (1522588014375395330, '用户登录', 4, NULL, 'POST', 'fxz', NULL, '127.0.0.1', 'fxz', 0, NULL, NULL, 'fxz', '2022-05-06 22:44:06', 'anonymousUser', '2022-05-06 22:44:05');
INSERT INTO `sys_oper_log` (`id`, `title`, `business_type`, `method`, `request_method`, `oper_name`, `oper_url`, `oper_ip`, `oper_param`, `status`, `error_msg`, `time`, `create_by`, `create_time`, `update_by`, `update_time`) VALUES (1522597028538671105, '用户登录', 4, NULL, 'POST', 'fxz', NULL, '127.0.0.1', 'fxz', 0, NULL, NULL, 'fxz', '2022-05-06 23:19:55', 'anonymousUser', '2022-05-06 23:19:54');
INSERT INTO `sys_oper_log` (`id`, `title`, `business_type`, `method`, `request_method`, `oper_name`, `oper_url`, `oper_ip`, `oper_param`, `status`, `error_msg`, `time`, `create_by`, `create_time`, `update_by`, `update_time`) VALUES (1522597899724972034, '用户登录', 4, NULL, 'POST', 'fxz', NULL, '127.0.0.1', 'fxz', 0, NULL, NULL, 'fxz', '2022-05-06 23:23:22', 'anonymousUser', '2022-05-06 23:23:22');
INSERT INTO `sys_oper_log` (`id`, `title`, `business_type`, `method`, `request_method`, `oper_name`, `oper_url`, `oper_ip`, `oper_param`, `status`, `error_msg`, `time`, `create_by`, `create_time`, `update_by`, `update_time`) VALUES (1522769498033938433, '用户登录', 4, NULL, 'POST', 'fxz', NULL, '127.0.0.1', 'fxz', 0, NULL, NULL, 'fxz', '2022-05-07 10:45:15', 'anonymousUser', '2022-05-07 10:45:14');
INSERT INTO `sys_oper_log` (`id`, `title`, `business_type`, `method`, `request_method`, `oper_name`, `oper_url`, `oper_ip`, `oper_param`, `status`, `error_msg`, `time`, `create_by`, `create_time`, `update_by`, `update_time`) VALUES (1522769644280930305, '文件管理', 1, 'com.fxz.system.controller.FileController.add()', 'POST', 'fxz', '/file/add', '127.0.0.1', '', NULL, NULL, 288, 'anonymousUser', '2022-05-07 10:45:50', 'anonymousUser', '2022-05-07 10:45:50');
INSERT INTO `sys_oper_log` (`id`, `title`, `business_type`, `method`, `request_method`, `oper_name`, `oper_url`, `oper_ip`, `oper_param`, `status`, `error_msg`, `time`, `create_by`, `create_time`, `update_by`, `update_time`) VALUES (1522769661091700738, '文件管理', 1, 'com.fxz.system.controller.FileController.add()', 'POST', 'fxz', '/file/add', '127.0.0.1', '', NULL, NULL, 399, 'anonymousUser', '2022-05-07 10:45:54', 'anonymousUser', '2022-05-07 10:45:54');
INSERT INTO `sys_oper_log` (`id`, `title`, `business_type`, `method`, `request_method`, `oper_name`, `oper_url`, `oper_ip`, `oper_param`, `status`, `error_msg`, `time`, `create_by`, `create_time`, `update_by`, `update_time`) VALUES (1522769698391646209, '文件管理', 1, 'com.fxz.system.controller.FileController.add()', 'POST', 'fxz', '/file/add', '127.0.0.1', '', NULL, NULL, 265, 'anonymousUser', '2022-05-07 10:46:02', 'anonymousUser', '2022-05-07 10:46:02');
INSERT INTO `sys_oper_log` (`id`, `title`, `business_type`, `method`, `request_method`, `oper_name`, `oper_url`, `oper_ip`, `oper_param`, `status`, `error_msg`, `time`, `create_by`, `create_time`, `update_by`, `update_time`) VALUES (1522773429275385858, '用户登录', 4, NULL, 'POST', 'fxz', NULL, '127.0.0.1', 'fxz', 0, NULL, NULL, 'fxz', '2022-05-07 11:00:52', 'anonymousUser', '2022-05-07 11:00:51');
INSERT INTO `sys_oper_log` (`id`, `title`, `business_type`, `method`, `request_method`, `oper_name`, `oper_url`, `oper_ip`, `oper_param`, `status`, `error_msg`, `time`, `create_by`, `create_time`, `update_by`, `update_time`) VALUES (1522782284759752706, '用户登录', 4, NULL, 'POST', 'fxz', NULL, '127.0.0.1', 'fxz', 0, NULL, NULL, 'fxz', '2022-05-07 11:36:03', 'anonymousUser', '2022-05-07 11:36:03');
INSERT INTO `sys_oper_log` (`id`, `title`, `business_type`, `method`, `request_method`, `oper_name`, `oper_url`, `oper_ip`, `oper_param`, `status`, `error_msg`, `time`, `create_by`, `create_time`, `update_by`, `update_time`) VALUES (1522782807139344386, '用户登录', 4, NULL, 'POST', 'fxz', NULL, '127.0.0.1', 'fxz', 0, NULL, NULL, 'fxz', '2022-05-07 11:38:08', 'anonymousUser', '2022-05-07 11:38:07');
INSERT INTO `sys_oper_log` (`id`, `title`, `business_type`, `method`, `request_method`, `oper_name`, `oper_url`, `oper_ip`, `oper_param`, `status`, `error_msg`, `time`, `create_by`, `create_time`, `update_by`, `update_time`) VALUES (1522809495550222337, '用户登录', 4, NULL, 'POST', 'fxz', NULL, '127.0.0.1', 'fxz', 0, NULL, NULL, 'fxz', '2022-05-07 13:24:11', 'anonymousUser', '2022-05-07 13:24:10');
INSERT INTO `sys_oper_log` (`id`, `title`, `business_type`, `method`, `request_method`, `oper_name`, `oper_url`, `oper_ip`, `oper_param`, `status`, `error_msg`, `time`, `create_by`, `create_time`, `update_by`, `update_time`) VALUES (1522809927907467266, '用户登录', 4, NULL, 'POST', 'fxz', NULL, '127.0.0.1', 'fxz', 0, NULL, NULL, 'fxz', '2022-05-07 13:25:54', 'anonymousUser', '2022-05-07 13:25:53');
INSERT INTO `sys_oper_log` (`id`, `title`, `business_type`, `method`, `request_method`, `oper_name`, `oper_url`, `oper_ip`, `oper_param`, `status`, `error_msg`, `time`, `create_by`, `create_time`, `update_by`, `update_time`) VALUES (1522811272647467010, '用户登录', 4, NULL, 'POST', 'fxz', NULL, '127.0.0.1', 'fxz', 0, NULL, NULL, 'fxz', '2022-05-07 13:31:15', 'anonymousUser', '2022-05-07 13:31:14');
INSERT INTO `sys_oper_log` (`id`, `title`, `business_type`, `method`, `request_method`, `oper_name`, `oper_url`, `oper_ip`, `oper_param`, `status`, `error_msg`, `time`, `create_by`, `create_time`, `update_by`, `update_time`) VALUES (1522811373709221890, '文件管理', 1, 'com.fxz.system.controller.FileController.add()', 'POST', 'fxz', '/file/add', '127.0.0.1', '', NULL, NULL, 252, 'anonymousUser', '2022-05-07 13:31:39', 'anonymousUser', '2022-05-07 13:31:39');
INSERT INTO `sys_oper_log` (`id`, `title`, `business_type`, `method`, `request_method`, `oper_name`, `oper_url`, `oper_ip`, `oper_param`, `status`, `error_msg`, `time`, `create_by`, `create_time`, `update_by`, `update_time`) VALUES (1522811815688200194, '用户登录', 4, NULL, 'POST', 'fxz', NULL, '127.0.0.1', 'fxz', 0, NULL, NULL, 'fxz', '2022-05-07 13:33:24', 'anonymousUser', '2022-05-07 13:33:23');
INSERT INTO `sys_oper_log` (`id`, `title`, `business_type`, `method`, `request_method`, `oper_name`, `oper_url`, `oper_ip`, `oper_param`, `status`, `error_msg`, `time`, `create_by`, `create_time`, `update_by`, `update_time`) VALUES (1522823343258787841, '用户登录', 4, NULL, 'POST', 'fxz', NULL, '127.0.0.1', 'fxz', 0, NULL, NULL, 'fxz', '2022-05-07 14:19:12', 'anonymousUser', '2022-05-07 14:19:12');
INSERT INTO `sys_oper_log` (`id`, `title`, `business_type`, `method`, `request_method`, `oper_name`, `oper_url`, `oper_ip`, `oper_param`, `status`, `error_msg`, `time`, `create_by`, `create_time`, `update_by`, `update_time`) VALUES (1522832207270174721, '用户登录', 4, NULL, 'POST', 'fxz', NULL, '127.0.0.1', 'fxz', 0, NULL, NULL, 'fxz', '2022-05-07 14:54:26', 'anonymousUser', '2022-05-07 14:54:25');
INSERT INTO `sys_oper_log` (`id`, `title`, `business_type`, `method`, `request_method`, `oper_name`, `oper_url`, `oper_ip`, `oper_param`, `status`, `error_msg`, `time`, `create_by`, `create_time`, `update_by`, `update_time`) VALUES (1522832281723265026, '文件管理', 1, 'com.fxz.system.controller.FileController.add()', 'POST', 'fxz', '/file/add', '127.0.0.1', '', NULL, NULL, 265, 'anonymousUser', '2022-05-07 14:54:43', 'anonymousUser', '2022-05-07 14:54:43');
INSERT INTO `sys_oper_log` (`id`, `title`, `business_type`, `method`, `request_method`, `oper_name`, `oper_url`, `oper_ip`, `oper_param`, `status`, `error_msg`, `time`, `create_by`, `create_time`, `update_by`, `update_time`) VALUES (1522832292016087041, '文件管理', 1, 'com.fxz.system.controller.FileController.add()', 'POST', 'fxz', '/file/add', '127.0.0.1', '', NULL, NULL, 403, 'anonymousUser', '2022-05-07 14:54:46', 'anonymousUser', '2022-05-07 14:54:46');
INSERT INTO `sys_oper_log` (`id`, `title`, `business_type`, `method`, `request_method`, `oper_name`, `oper_url`, `oper_ip`, `oper_param`, `status`, `error_msg`, `time`, `create_by`, `create_time`, `update_by`, `update_time`) VALUES (1522835147603107842, '文件管理', 1, 'com.fxz.system.controller.FileController.add()', 'POST', 'fxz', '/file/add', '127.0.0.1', '', NULL, NULL, 418, 'anonymousUser', '2022-05-07 15:06:07', 'anonymousUser', '2022-05-07 15:06:07');
INSERT INTO `sys_oper_log` (`id`, `title`, `business_type`, `method`, `request_method`, `oper_name`, `oper_url`, `oper_ip`, `oper_param`, `status`, `error_msg`, `time`, `create_by`, `create_time`, `update_by`, `update_time`) VALUES (1522835161637249026, '文件管理', 1, 'com.fxz.system.controller.FileController.add()', 'POST', 'fxz', '/file/add', '127.0.0.1', '', NULL, NULL, 475, 'anonymousUser', '2022-05-07 15:06:10', 'anonymousUser', '2022-05-07 15:06:10');
INSERT INTO `sys_oper_log` (`id`, `title`, `business_type`, `method`, `request_method`, `oper_name`, `oper_url`, `oper_ip`, `oper_param`, `status`, `error_msg`, `time`, `create_by`, `create_time`, `update_by`, `update_time`) VALUES (1522841604495040513, '用户登录', 4, NULL, 'POST', 'fxz', NULL, '127.0.0.1', 'fxz', 0, NULL, NULL, 'fxz', '2022-05-07 15:31:46', 'anonymousUser', '2022-05-07 15:31:46');
INSERT INTO `sys_oper_log` (`id`, `title`, `business_type`, `method`, `request_method`, `oper_name`, `oper_url`, `oper_ip`, `oper_param`, `status`, `error_msg`, `time`, `create_by`, `create_time`, `update_by`, `update_time`) VALUES (1522852112308690946, '用户登录', 4, NULL, 'POST', 'fxz', NULL, '127.0.0.1', 'fxz', 0, NULL, NULL, 'fxz', '2022-05-07 16:13:31', 'anonymousUser', '2022-05-07 16:13:31');
INSERT INTO `sys_oper_log` (`id`, `title`, `business_type`, `method`, `request_method`, `oper_name`, `oper_url`, `oper_ip`, `oper_param`, `status`, `error_msg`, `time`, `create_by`, `create_time`, `update_by`, `update_time`) VALUES (1522861303555481601, '用户登录', 4, NULL, 'POST', 'fxz', NULL, '127.0.0.1', 'fxz', 0, NULL, NULL, 'fxz', '2022-05-07 16:50:03', 'anonymousUser', '2022-05-07 16:50:02');
INSERT INTO `sys_oper_log` (`id`, `title`, `business_type`, `method`, `request_method`, `oper_name`, `oper_url`, `oper_ip`, `oper_param`, `status`, `error_msg`, `time`, `create_by`, `create_time`, `update_by`, `update_time`) VALUES (1522863533075521537, '用户登录', 4, NULL, 'POST', 'fxz', NULL, '127.0.0.1', 'fxz', 0, NULL, NULL, 'fxz', '2022-05-07 16:58:54', 'anonymousUser', '2022-05-07 16:58:54');
INSERT INTO `sys_oper_log` (`id`, `title`, `business_type`, `method`, `request_method`, `oper_name`, `oper_url`, `oper_ip`, `oper_param`, `status`, `error_msg`, `time`, `create_by`, `create_time`, `update_by`, `update_time`) VALUES (1522864281301606401, '用户登录', 4, NULL, 'POST', 'fxz', NULL, '127.0.0.1', 'fxz', 0, NULL, NULL, 'fxz', '2022-05-07 17:01:53', 'anonymousUser', '2022-05-07 17:01:52');
INSERT INTO `sys_oper_log` (`id`, `title`, `business_type`, `method`, `request_method`, `oper_name`, `oper_url`, `oper_ip`, `oper_param`, `status`, `error_msg`, `time`, `create_by`, `create_time`, `update_by`, `update_time`) VALUES (1522864376411643906, '用户登录', 4, NULL, 'POST', 'fxz', NULL, '127.0.0.1', 'fxz', 0, NULL, NULL, 'fxz', '2022-05-07 17:02:15', 'anonymousUser', '2022-05-07 17:02:15');
INSERT INTO `sys_oper_log` (`id`, `title`, `business_type`, `method`, `request_method`, `oper_name`, `oper_url`, `oper_ip`, `oper_param`, `status`, `error_msg`, `time`, `create_by`, `create_time`, `update_by`, `update_time`) VALUES (1522864788279713793, '用户登录', 4, NULL, 'POST', 'fxz', NULL, '127.0.0.1', 'fxz', 0, NULL, NULL, 'fxz', '2022-05-07 17:03:54', 'anonymousUser', '2022-05-07 17:03:53');
INSERT INTO `sys_oper_log` (`id`, `title`, `business_type`, `method`, `request_method`, `oper_name`, `oper_url`, `oper_ip`, `oper_param`, `status`, `error_msg`, `time`, `create_by`, `create_time`, `update_by`, `update_time`) VALUES (1522874604398108674, '用户登录', 4, NULL, 'POST', 'fxz', NULL, '127.0.0.1', 'fxz', 0, NULL, NULL, 'fxz', '2022-05-07 17:42:54', 'anonymousUser', '2022-05-07 17:42:53');
INSERT INTO `sys_oper_log` (`id`, `title`, `business_type`, `method`, `request_method`, `oper_name`, `oper_url`, `oper_ip`, `oper_param`, `status`, `error_msg`, `time`, `create_by`, `create_time`, `update_by`, `update_time`) VALUES (1522880203114471426, '用户登录', 4, NULL, 'POST', 'fxz', NULL, '127.0.0.1', 'fxz', 0, NULL, NULL, 'fxz', '2022-05-07 18:05:09', 'anonymousUser', '2022-05-07 18:05:08');
INSERT INTO `sys_oper_log` (`id`, `title`, `business_type`, `method`, `request_method`, `oper_name`, `oper_url`, `oper_ip`, `oper_param`, `status`, `error_msg`, `time`, `create_by`, `create_time`, `update_by`, `update_time`) VALUES (1522900107507064833, '用户登录', 4, NULL, 'POST', 'fxz', NULL, '127.0.0.1', 'fxz', 0, NULL, NULL, 'fxz', '2022-05-07 19:24:14', 'anonymousUser', '2022-05-07 19:24:14');
INSERT INTO `sys_oper_log` (`id`, `title`, `business_type`, `method`, `request_method`, `oper_name`, `oper_url`, `oper_ip`, `oper_param`, `status`, `error_msg`, `time`, `create_by`, `create_time`, `update_by`, `update_time`) VALUES (1522902414915330050, '用户登录', 4, NULL, 'POST', 'fxz', NULL, '127.0.0.1', 'fxz', 0, NULL, NULL, 'fxz', '2022-05-07 19:33:25', 'anonymousUser', '2022-05-07 19:33:24');
INSERT INTO `sys_oper_log` (`id`, `title`, `business_type`, `method`, `request_method`, `oper_name`, `oper_url`, `oper_ip`, `oper_param`, `status`, `error_msg`, `time`, `create_by`, `create_time`, `update_by`, `update_time`) VALUES (1522902572491137026, '文件管理', 1, 'com.fxz.system.controller.FileController.add()', 'POST', 'fxz', '/file/add', '127.0.0.1', '', NULL, NULL, 291, 'anonymousUser', '2022-05-07 19:34:02', 'anonymousUser', '2022-05-07 19:34:02');
INSERT INTO `sys_oper_log` (`id`, `title`, `business_type`, `method`, `request_method`, `oper_name`, `oper_url`, `oper_ip`, `oper_param`, `status`, `error_msg`, `time`, `create_by`, `create_time`, `update_by`, `update_time`) VALUES (1522902584298102786, '文件管理', 1, 'com.fxz.system.controller.FileController.add()', 'POST', 'fxz', '/file/add', '127.0.0.1', '', NULL, NULL, 394, 'anonymousUser', '2022-05-07 19:34:05', 'anonymousUser', '2022-05-07 19:34:05');
INSERT INTO `sys_oper_log` (`id`, `title`, `business_type`, `method`, `request_method`, `oper_name`, `oper_url`, `oper_ip`, `oper_param`, `status`, `error_msg`, `time`, `create_by`, `create_time`, `update_by`, `update_time`) VALUES (1522907773797195777, '用户登录', 4, NULL, 'POST', 'fxz', NULL, '127.0.0.1', 'fxz', 0, NULL, NULL, 'fxz', '2022-05-07 19:54:42', 'anonymousUser', '2022-05-07 19:54:42');
INSERT INTO `sys_oper_log` (`id`, `title`, `business_type`, `method`, `request_method`, `oper_name`, `oper_url`, `oper_ip`, `oper_param`, `status`, `error_msg`, `time`, `create_by`, `create_time`, `update_by`, `update_time`) VALUES (1522930498058100738, '用户登录', 4, NULL, 'POST', 'fxz', NULL, '127.0.0.1', 'fxz', 0, NULL, NULL, 'fxz', '2022-05-07 21:25:00', 'anonymousUser', '2022-05-07 21:24:59');
INSERT INTO `sys_oper_log` (`id`, `title`, `business_type`, `method`, `request_method`, `oper_name`, `oper_url`, `oper_ip`, `oper_param`, `status`, `error_msg`, `time`, `create_by`, `create_time`, `update_by`, `update_time`) VALUES (1522930807518044162, '文件管理', 1, 'com.fxz.system.controller.FileController.add()', 'POST', 'fxz', '/file/add', '127.0.0.1', '', NULL, NULL, 440, 'anonymousUser', '2022-05-07 21:26:14', 'anonymousUser', '2022-05-07 21:26:14');
INSERT INTO `sys_oper_log` (`id`, `title`, `business_type`, `method`, `request_method`, `oper_name`, `oper_url`, `oper_ip`, `oper_param`, `status`, `error_msg`, `time`, `create_by`, `create_time`, `update_by`, `update_time`) VALUES (1522930819543113730, '文件管理', 1, 'com.fxz.system.controller.FileController.add()', 'POST', 'fxz', '/file/add', '127.0.0.1', '', NULL, NULL, 525, 'anonymousUser', '2022-05-07 21:26:17', 'anonymousUser', '2022-05-07 21:26:17');
INSERT INTO `sys_oper_log` (`id`, `title`, `business_type`, `method`, `request_method`, `oper_name`, `oper_url`, `oper_ip`, `oper_param`, `status`, `error_msg`, `time`, `create_by`, `create_time`, `update_by`, `update_time`) VALUES (1522934344788516866, '文件管理', 1, 'com.fxz.system.controller.FileController.add()', 'POST', 'fxz', '/file/add', '127.0.0.1', '', NULL, NULL, 488, 'anonymousUser', '2022-05-07 21:40:17', 'anonymousUser', '2022-05-07 21:40:17');
INSERT INTO `sys_oper_log` (`id`, `title`, `business_type`, `method`, `request_method`, `oper_name`, `oper_url`, `oper_ip`, `oper_param`, `status`, `error_msg`, `time`, `create_by`, `create_time`, `update_by`, `update_time`) VALUES (1522934374463217666, '文件管理', 1, 'com.fxz.system.controller.FileController.add()', 'POST', 'fxz', '/file/add', '127.0.0.1', '', NULL, NULL, 550, 'anonymousUser', '2022-05-07 21:40:24', 'anonymousUser', '2022-05-07 21:40:24');
INSERT INTO `sys_oper_log` (`id`, `title`, `business_type`, `method`, `request_method`, `oper_name`, `oper_url`, `oper_ip`, `oper_param`, `status`, `error_msg`, `time`, `create_by`, `create_time`, `update_by`, `update_time`) VALUES (1522936594030174209, '文件管理', 1, 'com.fxz.system.controller.FileController.add()', 'POST', 'fxz', '/file/add', '127.0.0.1', '', NULL, NULL, 281, 'anonymousUser', '2022-05-07 21:49:13', 'anonymousUser', '2022-05-07 21:49:13');
INSERT INTO `sys_oper_log` (`id`, `title`, `business_type`, `method`, `request_method`, `oper_name`, `oper_url`, `oper_ip`, `oper_param`, `status`, `error_msg`, `time`, `create_by`, `create_time`, `update_by`, `update_time`) VALUES (1522939291907170306, '用户登录', 4, NULL, 'POST', 'fxz', NULL, '127.0.0.1', 'fxz', 0, NULL, NULL, 'fxz', '2022-05-07 21:59:57', 'anonymousUser', '2022-05-07 21:59:56');
INSERT INTO `sys_oper_log` (`id`, `title`, `business_type`, `method`, `request_method`, `oper_name`, `oper_url`, `oper_ip`, `oper_param`, `status`, `error_msg`, `time`, `create_by`, `create_time`, `update_by`, `update_time`) VALUES (1522939598477238273, '用户登录', 4, NULL, 'POST', 'fxz', NULL, '127.0.0.1', 'fxz', 0, NULL, NULL, 'fxz', '2022-05-07 22:01:10', 'anonymousUser', '2022-05-07 22:01:09');
INSERT INTO `sys_oper_log` (`id`, `title`, `business_type`, `method`, `request_method`, `oper_name`, `oper_url`, `oper_ip`, `oper_param`, `status`, `error_msg`, `time`, `create_by`, `create_time`, `update_by`, `update_time`) VALUES (1522942501887754242, '文件管理', 1, 'com.fxz.system.controller.FileController.add()', 'POST', 'fxz', '/file/add', '127.0.0.1', '', NULL, NULL, 398, 'anonymousUser', '2022-05-07 22:12:42', 'anonymousUser', '2022-05-07 22:12:42');
INSERT INTO `sys_oper_log` (`id`, `title`, `business_type`, `method`, `request_method`, `oper_name`, `oper_url`, `oper_ip`, `oper_param`, `status`, `error_msg`, `time`, `create_by`, `create_time`, `update_by`, `update_time`) VALUES (1522942511152971778, '文件管理', 1, 'com.fxz.system.controller.FileController.add()', 'POST', 'fxz', '/file/add', '127.0.0.1', '', NULL, NULL, 398, 'anonymousUser', '2022-05-07 22:12:44', 'anonymousUser', '2022-05-07 22:12:44');
INSERT INTO `sys_oper_log` (`id`, `title`, `business_type`, `method`, `request_method`, `oper_name`, `oper_url`, `oper_ip`, `oper_param`, `status`, `error_msg`, `time`, `create_by`, `create_time`, `update_by`, `update_time`) VALUES (1522942733941817346, '文件管理', 1, 'com.fxz.system.controller.FileController.add()', 'POST', 'fxz', '/file/add', '127.0.0.1', '', NULL, NULL, 233, 'anonymousUser', '2022-05-07 22:13:37', 'anonymousUser', '2022-05-07 22:13:37');
INSERT INTO `sys_oper_log` (`id`, `title`, `business_type`, `method`, `request_method`, `oper_name`, `oper_url`, `oper_ip`, `oper_param`, `status`, `error_msg`, `time`, `create_by`, `create_time`, `update_by`, `update_time`) VALUES (1522944365991641090, '文件管理', 1, 'com.fxz.system.controller.FileController.add()', 'POST', 'fxz', '/file/add', '127.0.0.1', '', NULL, NULL, 307, 'anonymousUser', '2022-05-07 22:20:06', 'anonymousUser', '2022-05-07 22:20:06');
INSERT INTO `sys_oper_log` (`id`, `title`, `business_type`, `method`, `request_method`, `oper_name`, `oper_url`, `oper_ip`, `oper_param`, `status`, `error_msg`, `time`, `create_by`, `create_time`, `update_by`, `update_time`) VALUES (1522944691469631489, '文件管理', 1, 'com.fxz.system.controller.FileController.add()', 'POST', 'fxz', '/file/add', '127.0.0.1', '', NULL, NULL, 379, 'anonymousUser', '2022-05-07 22:21:24', 'anonymousUser', '2022-05-07 22:21:24');
INSERT INTO `sys_oper_log` (`id`, `title`, `business_type`, `method`, `request_method`, `oper_name`, `oper_url`, `oper_ip`, `oper_param`, `status`, `error_msg`, `time`, `create_by`, `create_time`, `update_by`, `update_time`) VALUES (1522946032506060801, '文件管理', 1, 'com.fxz.system.controller.FileController.add()', 'POST', 'fxz', '/file/add', '127.0.0.1', '', NULL, NULL, 293, 'anonymousUser', '2022-05-07 22:26:44', 'anonymousUser', '2022-05-07 22:26:44');
INSERT INTO `sys_oper_log` (`id`, `title`, `business_type`, `method`, `request_method`, `oper_name`, `oper_url`, `oper_ip`, `oper_param`, `status`, `error_msg`, `time`, `create_by`, `create_time`, `update_by`, `update_time`) VALUES (1522946237402005506, '文件管理', 1, 'com.fxz.system.controller.FileController.add()', 'POST', 'fxz', '/file/add', '127.0.0.1', '', NULL, NULL, 247, 'anonymousUser', '2022-05-07 22:27:33', 'anonymousUser', '2022-05-07 22:27:33');
INSERT INTO `sys_oper_log` (`id`, `title`, `business_type`, `method`, `request_method`, `oper_name`, `oper_url`, `oper_ip`, `oper_param`, `status`, `error_msg`, `time`, `create_by`, `create_time`, `update_by`, `update_time`) VALUES (1522947419340095490, '文件管理', 1, 'com.fxz.system.controller.FileController.add()', 'POST', 'fxz', '/file/add', '127.0.0.1', '', NULL, NULL, 605, 'anonymousUser', '2022-05-07 22:32:14', 'anonymousUser', '2022-05-07 22:32:14');
INSERT INTO `sys_oper_log` (`id`, `title`, `business_type`, `method`, `request_method`, `oper_name`, `oper_url`, `oper_ip`, `oper_param`, `status`, `error_msg`, `time`, `create_by`, `create_time`, `update_by`, `update_time`) VALUES (1522947428001333250, '文件管理', 1, 'com.fxz.system.controller.FileController.add()', 'POST', 'fxz', '/file/add', '127.0.0.1', '', NULL, NULL, 246, 'anonymousUser', '2022-05-07 22:32:16', 'anonymousUser', '2022-05-07 22:32:16');
INSERT INTO `sys_oper_log` (`id`, `title`, `business_type`, `method`, `request_method`, `oper_name`, `oper_url`, `oper_ip`, `oper_param`, `status`, `error_msg`, `time`, `create_by`, `create_time`, `update_by`, `update_time`) VALUES (1522950586421297154, '用户登录', 4, NULL, 'POST', 'fxz', NULL, '127.0.0.1', 'fxz', 0, NULL, NULL, 'fxz', '2022-05-07 22:44:50', 'anonymousUser', '2022-05-07 22:44:49');
INSERT INTO `sys_oper_log` (`id`, `title`, `business_type`, `method`, `request_method`, `oper_name`, `oper_url`, `oper_ip`, `oper_param`, `status`, `error_msg`, `time`, `create_by`, `create_time`, `update_by`, `update_time`) VALUES (1522950910464835585, '文件管理', 1, 'com.fxz.system.controller.FileController.add()', 'POST', 'fxz', '/file/add', '127.0.0.1', '', NULL, NULL, 572, 'anonymousUser', '2022-05-07 22:46:07', 'anonymousUser', '2022-05-07 22:46:07');
INSERT INTO `sys_oper_log` (`id`, `title`, `business_type`, `method`, `request_method`, `oper_name`, `oper_url`, `oper_ip`, `oper_param`, `status`, `error_msg`, `time`, `create_by`, `create_time`, `update_by`, `update_time`) VALUES (1522951723681660930, '文件管理', 1, 'com.fxz.system.controller.FileController.add()', 'POST', 'fxz', '/file/add', '127.0.0.1', '', NULL, NULL, 335, 'anonymousUser', '2022-05-07 22:49:21', 'anonymousUser', '2022-05-07 22:49:21');
INSERT INTO `sys_oper_log` (`id`, `title`, `business_type`, `method`, `request_method`, `oper_name`, `oper_url`, `oper_ip`, `oper_param`, `status`, `error_msg`, `time`, `create_by`, `create_time`, `update_by`, `update_time`) VALUES (1522952489091809282, '文件管理', 1, 'com.fxz.system.controller.FileController.add()', 'POST', 'fxz', '/file/add', '127.0.0.1', '', NULL, NULL, 584, 'anonymousUser', '2022-05-07 22:52:23', 'anonymousUser', '2022-05-07 22:52:23');
INSERT INTO `sys_oper_log` (`id`, `title`, `business_type`, `method`, `request_method`, `oper_name`, `oper_url`, `oper_ip`, `oper_param`, `status`, `error_msg`, `time`, `create_by`, `create_time`, `update_by`, `update_time`) VALUES (1522956657097523202, '文件管理', 1, 'com.fxz.system.controller.FileController.add()', 'POST', 'fxz', '/file/add', '127.0.0.1', '', NULL, NULL, 330, 'anonymousUser', '2022-05-07 23:08:57', 'anonymousUser', '2022-05-07 23:08:57');
COMMIT;

-- ----------------------------
-- Table structure for sys_post
-- ----------------------------
DROP TABLE IF EXISTS `sys_post`;
CREATE TABLE `sys_post` (
  `post_id` bigint(20) NOT NULL AUTO_INCREMENT COMMENT '岗位ID',
  `post_code` varchar(64) CHARACTER SET utf8mb4 COLLATE utf8mb4_general_ci NOT NULL COMMENT '岗位编码',
  `post_name` varchar(50) CHARACTER SET utf8mb4 COLLATE utf8mb4_general_ci NOT NULL COMMENT '岗位名称',
  `post_sort` int(11) NOT NULL COMMENT '岗位排序',
  `del_flag` char(1) CHARACTER SET utf8mb4 COLLATE utf8mb4_general_ci NOT NULL DEFAULT '0' COMMENT '是否删除  -1：已删除  0：正常',
  `description` varchar(500) CHARACTER SET utf8mb4 COLLATE utf8mb4_general_ci DEFAULT NULL COMMENT '描述',
  `create_time` datetime DEFAULT NULL COMMENT '创建时间',
  `create_by` varchar(64) CHARACTER SET utf8mb4 COLLATE utf8mb4_general_ci DEFAULT '' COMMENT '创建人',
  `update_time` datetime DEFAULT NULL COMMENT '更新时间',
  `update_by` varchar(64) CHARACTER SET utf8mb4 COLLATE utf8mb4_general_ci DEFAULT '' COMMENT '更新人',
  PRIMARY KEY (`post_id`) USING BTREE
) ENGINE=InnoDB AUTO_INCREMENT=1511338847253417986 DEFAULT CHARSET=utf8mb4 COLLATE=utf8mb4_general_ci ROW_FORMAT=DYNAMIC COMMENT='岗位信息表';

-- ----------------------------
-- Records of sys_post
-- ----------------------------
BEGIN;
INSERT INTO `sys_post` (`post_id`, `post_code`, `post_name`, `post_sort`, `del_flag`, `description`, `create_time`, `create_by`, `update_time`, `update_by`) VALUES (1, 'user', '员工', 2, '1', '打工人', '2022-03-19 10:05:15', 'admin', '2022-03-19 10:42:28', 'admin');
INSERT INTO `sys_post` (`post_id`, `post_code`, `post_name`, `post_sort`, `del_flag`, `description`, `create_time`, `create_by`, `update_time`, `update_by`) VALUES (2, 'cto', 'cto', 0, '1', 'cto666', '2022-03-19 10:06:20', 'admin', '2022-03-19 10:06:20', 'admin');
INSERT INTO `sys_post` (`post_id`, `post_code`, `post_name`, `post_sort`, `del_flag`, `description`, `create_time`, `create_by`, `update_time`, `update_by`) VALUES (3, 'boss', '董事长', -1, '1', '大boss', '2022-03-19 10:06:35', 'admin', '2022-03-19 10:42:44', 'admin');
INSERT INTO `sys_post` (`post_id`, `post_code`, `post_name`, `post_sort`, `del_flag`, `description`, `create_time`, `create_by`, `update_time`, `update_by`) VALUES (1509530573596016641, '22s', '222s', 11, '1', '22s', '2022-03-31 21:58:29', 'admin', '2022-03-31 21:58:29', 'admin');
INSERT INTO `sys_post` (`post_id`, `post_code`, `post_name`, `post_sort`, `del_flag`, `description`, `create_time`, `create_by`, `update_time`, `update_by`) VALUES (1509534285496426497, '22sas', '222ssss', 1122, '1', '22s', '2022-03-31 22:13:14', 'admin', '2022-03-31 22:13:14', 'admin');
INSERT INTO `sys_post` (`post_id`, `post_code`, `post_name`, `post_sort`, `del_flag`, `description`, `create_time`, `create_by`, `update_time`, `update_by`) VALUES (1509534945046536193, '22sass', '222sssp', 1122, '1', '22ss', '2022-03-31 22:15:51', 'admin', '2022-03-31 22:15:51', 'admin');
INSERT INTO `sys_post` (`post_id`, `post_code`, `post_name`, `post_sort`, `del_flag`, `description`, `create_time`, `create_by`, `update_time`, `update_by`) VALUES (1509535899309416450, 'aasw', 'ds', 11, '1', 'dd', '2022-03-31 22:19:39', 'admin', '2022-03-31 22:19:39', 'admin');
INSERT INTO `sys_post` (`post_id`, `post_code`, `post_name`, `post_sort`, `del_flag`, `description`, `create_time`, `create_by`, `update_time`, `update_by`) VALUES (1509536193485316097, 'aasws', 'dss', 11, '1', 'dds', '2022-03-31 22:20:49', 'admin', '2022-03-31 22:20:49', 'admin');
INSERT INTO `sys_post` (`post_id`, `post_code`, `post_name`, `post_sort`, `del_flag`, `description`, `create_time`, `create_by`, `update_time`, `update_by`) VALUES (1509536337576435713, 'aasws2', 'dss1', 11, '1', 'dds', '2022-03-31 22:21:23', 'admin', '2022-03-31 22:21:23', 'admin');
INSERT INTO `sys_post` (`post_id`, `post_code`, `post_name`, `post_sort`, `del_flag`, `description`, `create_time`, `create_by`, `update_time`, `update_by`) VALUES (1509536560256229377, 'aasws2s', 'dss1s', 11, '1', 'dds', '2022-03-31 22:22:16', 'admin', '2022-03-31 22:22:16', 'admin');
INSERT INTO `sys_post` (`post_id`, `post_code`, `post_name`, `post_sort`, `del_flag`, `description`, `create_time`, `create_by`, `update_time`, `update_by`) VALUES (1511326356242804737, 'cto', 'cto', 0, '0', 'cto666', '2022-04-05 20:54:17', 'fxz', '2022-04-05 21:03:22', 'fxz');
INSERT INTO `sys_post` (`post_id`, `post_code`, `post_name`, `post_sort`, `del_flag`, `description`, `create_time`, `create_by`, `update_time`, `update_by`) VALUES (1511338847253417985, 'ceo', 'ceo', 1, '0', 'ceo', '2022-04-05 21:43:55', 'fxz', '2022-04-05 21:43:55', 'fxz');
COMMIT;

-- ----------------------------
-- Table structure for sys_role
-- ----------------------------
DROP TABLE IF EXISTS `sys_role`;
CREATE TABLE `sys_role` (
  `role_id` bigint(20) NOT NULL AUTO_INCREMENT COMMENT '角色ID',
  `role_name` varchar(10) CHARACTER SET utf8 COLLATE utf8_general_ci NOT NULL COMMENT '角色名称',
  `remark` varchar(100) CHARACTER SET utf8 COLLATE utf8_general_ci DEFAULT NULL COMMENT '角色描述',
  `create_time` datetime NOT NULL COMMENT '创建时间',
  `update_time` datetime DEFAULT NULL COMMENT '修改时间',
  `create_by` varchar(100) CHARACTER SET utf8 COLLATE utf8_general_ci DEFAULT NULL COMMENT '创建人',
  `update_by` varchar(100) CHARACTER SET utf8 COLLATE utf8_general_ci DEFAULT NULL COMMENT '更新人',
  `data_scope` tinyint(1) DEFAULT NULL COMMENT '数据权限范围',
  `data_scope_dept_ids` varchar(255) CHARACTER SET utf8 COLLATE utf8_general_ci DEFAULT NULL COMMENT '数据范围(指定部门数组)',
  PRIMARY KEY (`role_id`) USING BTREE
) ENGINE=InnoDB AUTO_INCREMENT=9 DEFAULT CHARSET=utf8 ROW_FORMAT=DYNAMIC COMMENT='角色表';

-- ----------------------------
-- Records of sys_role
-- ----------------------------
BEGIN;
INSERT INTO `sys_role` (`role_id`, `role_name`, `remark`, `create_time`, `update_time`, `create_by`, `update_by`, `data_scope`, `data_scope_dept_ids`) VALUES (1, 'admin', '管理员', '2022-02-28 16:23:11', '2022-05-06 16:50:29', NULL, 'fxz', 1, NULL);
INSERT INTO `sys_role` (`role_id`, `role_name`, `remark`, `create_time`, `update_time`, `create_by`, `update_by`, `data_scope`, `data_scope_dept_ids`) VALUES (8, '游客', '游客,没啥权限', '2022-02-28 19:45:16', '2022-04-05 18:03:00', NULL, 'fxz', 1, NULL);
COMMIT;

-- ----------------------------
-- Table structure for sys_role_menu
-- ----------------------------
DROP TABLE IF EXISTS `sys_role_menu`;
CREATE TABLE `sys_role_menu` (
  `ROLE_ID` bigint(20) NOT NULL,
  `MENU_ID` bigint(20) NOT NULL
) ENGINE=InnoDB DEFAULT CHARSET=utf8 ROW_FORMAT=DYNAMIC COMMENT='角色菜单关联表';

-- ----------------------------
-- Records of sys_role_menu
-- ----------------------------
BEGIN;
INSERT INTO `sys_role_menu` (`ROLE_ID`, `MENU_ID`) VALUES (8, 12);
INSERT INTO `sys_role_menu` (`ROLE_ID`, `MENU_ID`) VALUES (8, 4);
INSERT INTO `sys_role_menu` (`ROLE_ID`, `MENU_ID`) VALUES (8, 5);
INSERT INTO `sys_role_menu` (`ROLE_ID`, `MENU_ID`) VALUES (8, 6);
INSERT INTO `sys_role_menu` (`ROLE_ID`, `MENU_ID`) VALUES (8, 1);
INSERT INTO `sys_role_menu` (`ROLE_ID`, `MENU_ID`) VALUES (8, 2);
INSERT INTO `sys_role_menu` (`ROLE_ID`, `MENU_ID`) VALUES (8, 3);
INSERT INTO `sys_role_menu` (`ROLE_ID`, `MENU_ID`) VALUES (1, 2);
INSERT INTO `sys_role_menu` (`ROLE_ID`, `MENU_ID`) VALUES (1, 3);
INSERT INTO `sys_role_menu` (`ROLE_ID`, `MENU_ID`) VALUES (1, 4);
INSERT INTO `sys_role_menu` (`ROLE_ID`, `MENU_ID`) VALUES (1, 5);
INSERT INTO `sys_role_menu` (`ROLE_ID`, `MENU_ID`) VALUES (1, 6);
INSERT INTO `sys_role_menu` (`ROLE_ID`, `MENU_ID`) VALUES (1, 7);
INSERT INTO `sys_role_menu` (`ROLE_ID`, `MENU_ID`) VALUES (1, 12);
INSERT INTO `sys_role_menu` (`ROLE_ID`, `MENU_ID`) VALUES (1, 20);
INSERT INTO `sys_role_menu` (`ROLE_ID`, `MENU_ID`) VALUES (1, 21);
INSERT INTO `sys_role_menu` (`ROLE_ID`, `MENU_ID`) VALUES (1, 29);
INSERT INTO `sys_role_menu` (`ROLE_ID`, `MENU_ID`) VALUES (1, 100006);
INSERT INTO `sys_role_menu` (`ROLE_ID`, `MENU_ID`) VALUES (1, 100009);
INSERT INTO `sys_role_menu` (`ROLE_ID`, `MENU_ID`) VALUES (1, 100010);
INSERT INTO `sys_role_menu` (`ROLE_ID`, `MENU_ID`) VALUES (1, 100011);
INSERT INTO `sys_role_menu` (`ROLE_ID`, `MENU_ID`) VALUES (1, 100008);
INSERT INTO `sys_role_menu` (`ROLE_ID`, `MENU_ID`) VALUES (1, 100007);
INSERT INTO `sys_role_menu` (`ROLE_ID`, `MENU_ID`) VALUES (1, 100012);
INSERT INTO `sys_role_menu` (`ROLE_ID`, `MENU_ID`) VALUES (1, 100013);
INSERT INTO `sys_role_menu` (`ROLE_ID`, `MENU_ID`) VALUES (1, 100014);
INSERT INTO `sys_role_menu` (`ROLE_ID`, `MENU_ID`) VALUES (1, 1);
INSERT INTO `sys_role_menu` (`ROLE_ID`, `MENU_ID`) VALUES (1, 100015);
INSERT INTO `sys_role_menu` (`ROLE_ID`, `MENU_ID`) VALUES (1, 100016);
INSERT INTO `sys_role_menu` (`ROLE_ID`, `MENU_ID`) VALUES (1, 100017);
INSERT INTO `sys_role_menu` (`ROLE_ID`, `MENU_ID`) VALUES (1, 100018);
INSERT INTO `sys_role_menu` (`ROLE_ID`, `MENU_ID`) VALUES (1, 100019);
INSERT INTO `sys_role_menu` (`ROLE_ID`, `MENU_ID`) VALUES (1, 100020);
INSERT INTO `sys_role_menu` (`ROLE_ID`, `MENU_ID`) VALUES (1, 100021);
INSERT INTO `sys_role_menu` (`ROLE_ID`, `MENU_ID`) VALUES (1, 100022);
INSERT INTO `sys_role_menu` (`ROLE_ID`, `MENU_ID`) VALUES (1, 100023);
INSERT INTO `sys_role_menu` (`ROLE_ID`, `MENU_ID`) VALUES (1, 100024);
INSERT INTO `sys_role_menu` (`ROLE_ID`, `MENU_ID`) VALUES (1, 100025);
INSERT INTO `sys_role_menu` (`ROLE_ID`, `MENU_ID`) VALUES (1, 100026);
INSERT INTO `sys_role_menu` (`ROLE_ID`, `MENU_ID`) VALUES (1, 100027);
INSERT INTO `sys_role_menu` (`ROLE_ID`, `MENU_ID`) VALUES (1, 100028);
INSERT INTO `sys_role_menu` (`ROLE_ID`, `MENU_ID`) VALUES (1, 100029);
INSERT INTO `sys_role_menu` (`ROLE_ID`, `MENU_ID`) VALUES (1, 100030);
COMMIT;

-- ----------------------------
-- Table structure for sys_trade_log
-- ----------------------------
DROP TABLE IF EXISTS `sys_trade_log`;
CREATE TABLE `sys_trade_log` (
  `id` int(11) NOT NULL AUTO_INCREMENT COMMENT 'ID',
  `goods_id` int(11) DEFAULT NULL COMMENT '商品ID',
  `goods_name` varchar(50) CHARACTER SET utf8 COLLATE utf8_general_ci DEFAULT NULL COMMENT '商品名称',
  `status` varchar(50) CHARACTER SET utf8 COLLATE utf8_general_ci DEFAULT NULL COMMENT '状态',
  `create_time` datetime DEFAULT NULL COMMENT '创建时间',
  PRIMARY KEY (`id`) USING BTREE
) ENGINE=InnoDB AUTO_INCREMENT=151 DEFAULT CHARSET=utf8 ROW_FORMAT=DYNAMIC;

-- ----------------------------
-- Records of sys_trade_log
-- ----------------------------
BEGIN;
INSERT INTO `sys_trade_log` (`id`, `goods_id`, `goods_name`, `status`, `create_time`) VALUES (141, 11, 'aaa', '下单并支付成功', '2022-01-25 11:21:02');
INSERT INTO `sys_trade_log` (`id`, `goods_id`, `goods_name`, `status`, `create_time`) VALUES (142, 11, 'aaa', '打包完毕，开始物流配送！', '2022-01-25 11:21:02');
INSERT INTO `sys_trade_log` (`id`, `goods_id`, `goods_name`, `status`, `create_time`) VALUES (145, 11, 'aaa', '下单并支付成功', '2022-01-25 12:59:31');
INSERT INTO `sys_trade_log` (`id`, `goods_id`, `goods_name`, `status`, `create_time`) VALUES (146, 11, 'aaa', '打包完毕，开始物流配送！', '2022-01-25 12:59:31');
INSERT INTO `sys_trade_log` (`id`, `goods_id`, `goods_name`, `status`, `create_time`) VALUES (147, 11, 'aaa', '下单并支付成功', '2022-01-25 13:01:11');
INSERT INTO `sys_trade_log` (`id`, `goods_id`, `goods_name`, `status`, `create_time`) VALUES (148, 11, 'aaa', '打包完毕，开始物流配送！', '2022-01-25 13:01:11');
INSERT INTO `sys_trade_log` (`id`, `goods_id`, `goods_name`, `status`, `create_time`) VALUES (149, 11, 'aaa', '下单并支付成功', '2022-01-25 13:06:30');
INSERT INTO `sys_trade_log` (`id`, `goods_id`, `goods_name`, `status`, `create_time`) VALUES (150, 11, 'aaa', '打包完毕，开始物流配送！', '2022-01-25 13:06:30');
COMMIT;

-- ----------------------------
-- Table structure for sys_user
-- ----------------------------
DROP TABLE IF EXISTS `sys_user`;
CREATE TABLE `sys_user` (
  `user_id` bigint(20) NOT NULL AUTO_INCREMENT COMMENT '用户ID',
  `username` varchar(50) CHARACTER SET utf8 COLLATE utf8_general_ci NOT NULL COMMENT '用户名',
  `password` varchar(128) CHARACTER SET utf8 COLLATE utf8_general_ci NOT NULL COMMENT '密码',
  `dept_id` bigint(20) DEFAULT NULL COMMENT '部门ID',
  `email` varchar(128) CHARACTER SET utf8 COLLATE utf8_general_ci DEFAULT NULL COMMENT '邮箱',
  `mobile` varchar(20) CHARACTER SET utf8 COLLATE utf8_general_ci DEFAULT NULL COMMENT '联系电话',
  `status` char(1) CHARACTER SET utf8 COLLATE utf8_general_ci NOT NULL DEFAULT '1' COMMENT '状态 0锁定 1有效',
  `create_time` datetime NOT NULL COMMENT '创建时间',
  `update_time` datetime DEFAULT NULL COMMENT '修改时间',
  `last_login_time` datetime DEFAULT NULL COMMENT '最近访问时间',
  `ssex` char(1) CHARACTER SET utf8 COLLATE utf8_general_ci DEFAULT NULL COMMENT '性别 0男 1女 2保密',
  `avatar` varchar(255) CHARACTER SET utf8 COLLATE utf8_general_ci DEFAULT NULL COMMENT '头像',
  `description` varchar(100) CHARACTER SET utf8 COLLATE utf8_general_ci NOT NULL COMMENT '描述',
  `create_by` varchar(100) CHARACTER SET utf8 COLLATE utf8_general_ci DEFAULT NULL COMMENT '创建人',
  `update_by` varchar(100) CHARACTER SET utf8 COLLATE utf8_general_ci DEFAULT NULL COMMENT '更新人',
  PRIMARY KEY (`user_id`) USING BTREE
) ENGINE=InnoDB AUTO_INCREMENT=2 DEFAULT CHARSET=utf8 ROW_FORMAT=DYNAMIC COMMENT='用户表';

-- ----------------------------
-- Records of sys_user
-- ----------------------------
BEGIN;
INSERT INTO `sys_user` (`user_id`, `username`, `password`, `dept_id`, `email`, `mobile`, `status`, `create_time`, `update_time`, `last_login_time`, `ssex`, `avatar`, `description`, `create_by`, `update_by`) VALUES (1, 'fxz', '{bcrypt}$2a$10$yMqLTL9t9TeRGp5fT7vENuxZaruaN.a/VlOpRGF7jBnKPAim6Xey.', 0, '2235602974@qq.com', '19806082431', '1', '2022-04-05 20:39:22', '2022-05-06 12:50:28', '2022-04-05 15:57:00', '0', '/system/file/fxzcloud/4f37749a603542b3acfbbd6daa2f25a0.png', 'FxzCloud的作者', NULL, 'fxz');
COMMIT;

-- ----------------------------
-- Table structure for sys_user_post
-- ----------------------------
DROP TABLE IF EXISTS `sys_user_post`;
CREATE TABLE `sys_user_post` (
  `user_id` bigint(20) NOT NULL COMMENT '用户ID',
  `post_id` bigint(20) NOT NULL COMMENT '岗位ID',
  PRIMARY KEY (`user_id`,`post_id`) USING BTREE
) ENGINE=InnoDB DEFAULT CHARSET=utf8mb4 COLLATE=utf8mb4_general_ci ROW_FORMAT=DYNAMIC COMMENT='用户与岗位关联表';

-- ----------------------------
-- Records of sys_user_post
-- ----------------------------
BEGIN;
INSERT INTO `sys_user_post` (`user_id`, `post_id`) VALUES (1, 1511326356242804737);
COMMIT;

-- ----------------------------
-- Table structure for sys_user_role
-- ----------------------------
DROP TABLE IF EXISTS `sys_user_role`;
CREATE TABLE `sys_user_role` (
  `USER_ID` bigint(20) NOT NULL COMMENT '用户ID',
  `ROLE_ID` bigint(20) NOT NULL COMMENT '角色ID'
) ENGINE=InnoDB DEFAULT CHARSET=utf8 ROW_FORMAT=DYNAMIC COMMENT='用户角色关联表';

-- ----------------------------
-- Records of sys_user_role
-- ----------------------------
BEGIN;
INSERT INTO `sys_user_role` (`USER_ID`, `ROLE_ID`) VALUES (1, 1);
COMMIT;

-- ----------------------------
-- Table structure for zipkin_annotations
-- ----------------------------
DROP TABLE IF EXISTS `zipkin_annotations`;
CREATE TABLE `zipkin_annotations` (
  `trace_id_high` bigint(20) NOT NULL DEFAULT '0' COMMENT 'If non zero, this means the trace uses 128 bit traceIds instead of 64 bit',
  `trace_id` bigint(20) NOT NULL COMMENT 'coincides with zipkin_spans.trace_id',
  `span_id` bigint(20) NOT NULL COMMENT 'coincides with zipkin_spans.id',
  `a_key` varchar(255) CHARACTER SET utf8 COLLATE utf8_general_ci NOT NULL COMMENT 'BinaryAnnotation.key or Annotation.value if type == -1',
  `a_value` blob COMMENT 'BinaryAnnotation.value(), which must be smaller than 64KB',
  `a_type` int(11) NOT NULL COMMENT 'BinaryAnnotation.type() or -1 if Annotation',
  `a_timestamp` bigint(20) DEFAULT NULL COMMENT 'Used to implement TTL; Annotation.timestamp or zipkin_spans.timestamp',
  `endpoint_ipv4` int(11) DEFAULT NULL COMMENT 'Null when Binary/Annotation.endpoint is null',
  `endpoint_ipv6` binary(16) DEFAULT NULL COMMENT 'Null when Binary/Annotation.endpoint is null, or no IPv6 address',
  `endpoint_port` smallint(6) DEFAULT NULL COMMENT 'Null when Binary/Annotation.endpoint is null',
  `endpoint_service_name` varchar(255) CHARACTER SET utf8 COLLATE utf8_general_ci DEFAULT NULL COMMENT 'Null when Binary/Annotation.endpoint is null',
  UNIQUE KEY `trace_id_high` (`trace_id_high`,`trace_id`,`span_id`,`a_key`,`a_timestamp`) USING BTREE COMMENT 'Ignore insert on duplicate',
  KEY `trace_id_high_2` (`trace_id_high`,`trace_id`,`span_id`) USING BTREE COMMENT 'for joining with zipkin_spans',
  KEY `trace_id_high_3` (`trace_id_high`,`trace_id`) USING BTREE COMMENT 'for getTraces/ByIds',
  KEY `endpoint_service_name` (`endpoint_service_name`) USING BTREE COMMENT 'for getTraces and getServiceNames',
  KEY `a_type` (`a_type`) USING BTREE COMMENT 'for getTraces and autocomplete values',
  KEY `a_key` (`a_key`) USING BTREE COMMENT 'for getTraces and autocomplete values',
  KEY `trace_id` (`trace_id`,`span_id`,`a_key`) USING BTREE COMMENT 'for dependencies job'
) ENGINE=InnoDB DEFAULT CHARSET=utf8 ROW_FORMAT=COMPRESSED;

-- ----------------------------
-- Records of zipkin_annotations
-- ----------------------------
BEGIN;
INSERT INTO `zipkin_annotations` (`trace_id_high`, `trace_id`, `span_id`, `a_key`, `a_value`, `a_type`, `a_timestamp`, `endpoint_ipv4`, `endpoint_ipv6`, `endpoint_port`, `endpoint_service_name`) VALUES (0, -2566181379648875080, -2566181379648875080, 'lc', '', 6, 1638169865802000, -1062715903, NULL, NULL, 'fxz-server-system');
INSERT INTO `zipkin_annotations` (`trace_id_high`, `trace_id`, `span_id`, `a_key`, `a_value`, `a_type`, `a_timestamp`, `endpoint_ipv4`, `endpoint_ipv6`, `endpoint_port`, `endpoint_service_name`) VALUES (0, -7881802119374865842, -7881802119374865842, 'lc', '', 6, 1638169867805000, -1062715903, NULL, NULL, 'fxz-server-system-test');
INSERT INTO `zipkin_annotations` (`trace_id_high`, `trace_id`, `span_id`, `a_key`, `a_value`, `a_type`, `a_timestamp`, `endpoint_ipv4`, `endpoint_ipv6`, `endpoint_port`, `endpoint_service_name`) VALUES (0, -6145841007590615249, -6145841007590615249, 'sr', NULL, -1, 1638169875010503, -1062715903, NULL, NULL, 'fxz-server-system-test');
INSERT INTO `zipkin_annotations` (`trace_id_high`, `trace_id`, `span_id`, `a_key`, `a_value`, `a_type`, `a_timestamp`, `endpoint_ipv4`, `endpoint_ipv6`, `endpoint_port`, `endpoint_service_name`) VALUES (0, -6145841007590615249, -6145841007590615249, 'ss', NULL, -1, 1638169875015540, -1062715903, NULL, NULL, 'fxz-server-system-test');
INSERT INTO `zipkin_annotations` (`trace_id_high`, `trace_id`, `span_id`, `a_key`, `a_value`, `a_type`, `a_timestamp`, `endpoint_ipv4`, `endpoint_ipv6`, `endpoint_port`, `endpoint_service_name`) VALUES (0, -6145841007590615249, -6145841007590615249, 'ca', 0x01, 0, 1638169875010503, -1062721535, NULL, -5304, '');
INSERT INTO `zipkin_annotations` (`trace_id_high`, `trace_id`, `span_id`, `a_key`, `a_value`, `a_type`, `a_timestamp`, `endpoint_ipv4`, `endpoint_ipv6`, `endpoint_port`, `endpoint_service_name`) VALUES (0, -6145841007590615249, -6145841007590615249, 'http.method', 0x474554, 6, 1638169875010503, -1062715903, NULL, NULL, 'fxz-server-system-test');
INSERT INTO `zipkin_annotations` (`trace_id_high`, `trace_id`, `span_id`, `a_key`, `a_value`, `a_type`, `a_timestamp`, `endpoint_ipv4`, `endpoint_ipv6`, `endpoint_port`, `endpoint_service_name`) VALUES (0, -6145841007590615249, -6145841007590615249, 'http.path', 0x2F6163747561746F72, 6, 1638169875010503, -1062715903, NULL, NULL, 'fxz-server-system-test');
INSERT INTO `zipkin_annotations` (`trace_id_high`, `trace_id`, `span_id`, `a_key`, `a_value`, `a_type`, `a_timestamp`, `endpoint_ipv4`, `endpoint_ipv6`, `endpoint_port`, `endpoint_service_name`) VALUES (0, -8025310126578137703, -8025310126578137703, 'sr', NULL, -1, 1638169875020435, -1062715903, NULL, NULL, 'fxz-server-system');
INSERT INTO `zipkin_annotations` (`trace_id_high`, `trace_id`, `span_id`, `a_key`, `a_value`, `a_type`, `a_timestamp`, `endpoint_ipv4`, `endpoint_ipv6`, `endpoint_port`, `endpoint_service_name`) VALUES (0, -8025310126578137703, -8025310126578137703, 'ss', NULL, -1, 1638169875026622, -1062715903, NULL, NULL, 'fxz-server-system');
INSERT INTO `zipkin_annotations` (`trace_id_high`, `trace_id`, `span_id`, `a_key`, `a_value`, `a_type`, `a_timestamp`, `endpoint_ipv4`, `endpoint_ipv6`, `endpoint_port`, `endpoint_service_name`) VALUES (0, -8025310126578137703, -8025310126578137703, 'ca', 0x01, 0, 1638169875020435, -1062721535, NULL, -5302, '');
INSERT INTO `zipkin_annotations` (`trace_id_high`, `trace_id`, `span_id`, `a_key`, `a_value`, `a_type`, `a_timestamp`, `endpoint_ipv4`, `endpoint_ipv6`, `endpoint_port`, `endpoint_service_name`) VALUES (0, -8025310126578137703, -8025310126578137703, 'http.method', 0x474554, 6, 1638169875020435, -1062715903, NULL, NULL, 'fxz-server-system');
INSERT INTO `zipkin_annotations` (`trace_id_high`, `trace_id`, `span_id`, `a_key`, `a_value`, `a_type`, `a_timestamp`, `endpoint_ipv4`, `endpoint_ipv6`, `endpoint_port`, `endpoint_service_name`) VALUES (0, -8025310126578137703, -8025310126578137703, 'http.path', 0x2F6163747561746F72, 6, 1638169875020435, -1062715903, NULL, NULL, 'fxz-server-system');
INSERT INTO `zipkin_annotations` (`trace_id_high`, `trace_id`, `span_id`, `a_key`, `a_value`, `a_type`, `a_timestamp`, `endpoint_ipv4`, `endpoint_ipv6`, `endpoint_port`, `endpoint_service_name`) VALUES (0, -7606622751437803094, -7606622751437803094, 'sr', NULL, -1, 1638169892123160, -1062715903, NULL, NULL, 'fxz-server-system');
INSERT INTO `zipkin_annotations` (`trace_id_high`, `trace_id`, `span_id`, `a_key`, `a_value`, `a_type`, `a_timestamp`, `endpoint_ipv4`, `endpoint_ipv6`, `endpoint_port`, `endpoint_service_name`) VALUES (0, -7606622751437803094, -7606622751437803094, 'ss', NULL, -1, 1638169892126424, -1062715903, NULL, NULL, 'fxz-server-system');
INSERT INTO `zipkin_annotations` (`trace_id_high`, `trace_id`, `span_id`, `a_key`, `a_value`, `a_type`, `a_timestamp`, `endpoint_ipv4`, `endpoint_ipv6`, `endpoint_port`, `endpoint_service_name`) VALUES (0, -7606622751437803094, -7606622751437803094, 'ca', 0x01, 0, 1638169892123160, -1062721535, NULL, -5301, '');
INSERT INTO `zipkin_annotations` (`trace_id_high`, `trace_id`, `span_id`, `a_key`, `a_value`, `a_type`, `a_timestamp`, `endpoint_ipv4`, `endpoint_ipv6`, `endpoint_port`, `endpoint_service_name`) VALUES (0, -7606622751437803094, -7606622751437803094, 'http.method', 0x474554, 6, 1638169892123160, -1062715903, NULL, NULL, 'fxz-server-system');
INSERT INTO `zipkin_annotations` (`trace_id_high`, `trace_id`, `span_id`, `a_key`, `a_value`, `a_type`, `a_timestamp`, `endpoint_ipv4`, `endpoint_ipv6`, `endpoint_port`, `endpoint_service_name`) VALUES (0, -7606622751437803094, -7606622751437803094, 'http.path', 0x2F6163747561746F72, 6, 1638169892123160, -1062715903, NULL, NULL, 'fxz-server-system');
INSERT INTO `zipkin_annotations` (`trace_id_high`, `trace_id`, `span_id`, `a_key`, `a_value`, `a_type`, `a_timestamp`, `endpoint_ipv4`, `endpoint_ipv6`, `endpoint_port`, `endpoint_service_name`) VALUES (0, 4592102201703596623, 4592102201703596623, 'sr', NULL, -1, 1638169894232100, -1062715903, NULL, NULL, 'fxz-server-system-test');
INSERT INTO `zipkin_annotations` (`trace_id_high`, `trace_id`, `span_id`, `a_key`, `a_value`, `a_type`, `a_timestamp`, `endpoint_ipv4`, `endpoint_ipv6`, `endpoint_port`, `endpoint_service_name`) VALUES (0, 4592102201703596623, 4592102201703596623, 'ss', NULL, -1, 1638169894234427, -1062715903, NULL, NULL, 'fxz-server-system-test');
INSERT INTO `zipkin_annotations` (`trace_id_high`, `trace_id`, `span_id`, `a_key`, `a_value`, `a_type`, `a_timestamp`, `endpoint_ipv4`, `endpoint_ipv6`, `endpoint_port`, `endpoint_service_name`) VALUES (0, 4592102201703596623, 4592102201703596623, 'ca', 0x01, 0, 1638169894232100, -1062721535, NULL, -5303, '');
INSERT INTO `zipkin_annotations` (`trace_id_high`, `trace_id`, `span_id`, `a_key`, `a_value`, `a_type`, `a_timestamp`, `endpoint_ipv4`, `endpoint_ipv6`, `endpoint_port`, `endpoint_service_name`) VALUES (0, 4592102201703596623, 4592102201703596623, 'http.method', 0x474554, 6, 1638169894232100, -1062715903, NULL, NULL, 'fxz-server-system-test');
INSERT INTO `zipkin_annotations` (`trace_id_high`, `trace_id`, `span_id`, `a_key`, `a_value`, `a_type`, `a_timestamp`, `endpoint_ipv4`, `endpoint_ipv6`, `endpoint_port`, `endpoint_service_name`) VALUES (0, 4592102201703596623, 4592102201703596623, 'http.path', 0x2F6163747561746F72, 6, 1638169894232100, -1062715903, NULL, NULL, 'fxz-server-system-test');
INSERT INTO `zipkin_annotations` (`trace_id_high`, `trace_id`, `span_id`, `a_key`, `a_value`, `a_type`, `a_timestamp`, `endpoint_ipv4`, `endpoint_ipv6`, `endpoint_port`, `endpoint_service_name`) VALUES (0, -5328535706363524248, -6951861956747260916, 'cs', NULL, -1, 1638169938987665, -1062715903, NULL, NULL, 'fxz-server-system-test');
INSERT INTO `zipkin_annotations` (`trace_id_high`, `trace_id`, `span_id`, `a_key`, `a_value`, `a_type`, `a_timestamp`, `endpoint_ipv4`, `endpoint_ipv6`, `endpoint_port`, `endpoint_service_name`) VALUES (0, -5328535706363524248, -6951861956747260916, 'cr', NULL, -1, 1638169939049919, -1062715903, NULL, NULL, 'fxz-server-system-test');
INSERT INTO `zipkin_annotations` (`trace_id_high`, `trace_id`, `span_id`, `a_key`, `a_value`, `a_type`, `a_timestamp`, `endpoint_ipv4`, `endpoint_ipv6`, `endpoint_port`, `endpoint_service_name`) VALUES (0, -5328535706363524248, -6951861956747260916, 'http.method', 0x474554, 6, 1638169938987665, -1062715903, NULL, NULL, 'fxz-server-system-test');
INSERT INTO `zipkin_annotations` (`trace_id_high`, `trace_id`, `span_id`, `a_key`, `a_value`, `a_type`, `a_timestamp`, `endpoint_ipv4`, `endpoint_ipv6`, `endpoint_port`, `endpoint_service_name`) VALUES (0, -5328535706363524248, -6951861956747260916, 'http.path', 0x2F617574682F75736572, 6, 1638169938987665, -1062715903, NULL, NULL, 'fxz-server-system-test');
INSERT INTO `zipkin_annotations` (`trace_id_high`, `trace_id`, `span_id`, `a_key`, `a_value`, `a_type`, `a_timestamp`, `endpoint_ipv4`, `endpoint_ipv6`, `endpoint_port`, `endpoint_service_name`) VALUES (0, -5328535706363524248, 3225804995639601053, 'cs', NULL, -1, 1638169939525241, -1062715903, NULL, NULL, 'fxz-server-system');
INSERT INTO `zipkin_annotations` (`trace_id_high`, `trace_id`, `span_id`, `a_key`, `a_value`, `a_type`, `a_timestamp`, `endpoint_ipv4`, `endpoint_ipv6`, `endpoint_port`, `endpoint_service_name`) VALUES (0, -5328535706363524248, 3225804995639601053, 'cr', NULL, -1, 1638169939573407, -1062715903, NULL, NULL, 'fxz-server-system');
INSERT INTO `zipkin_annotations` (`trace_id_high`, `trace_id`, `span_id`, `a_key`, `a_value`, `a_type`, `a_timestamp`, `endpoint_ipv4`, `endpoint_ipv6`, `endpoint_port`, `endpoint_service_name`) VALUES (0, -5328535706363524248, 3225804995639601053, 'http.method', 0x474554, 6, 1638169939525241, -1062715903, NULL, NULL, 'fxz-server-system');
INSERT INTO `zipkin_annotations` (`trace_id_high`, `trace_id`, `span_id`, `a_key`, `a_value`, `a_type`, `a_timestamp`, `endpoint_ipv4`, `endpoint_ipv6`, `endpoint_port`, `endpoint_service_name`) VALUES (0, -5328535706363524248, 3225804995639601053, 'http.path', 0x2F617574682F75736572, 6, 1638169939525241, -1062715903, NULL, NULL, 'fxz-server-system');
INSERT INTO `zipkin_annotations` (`trace_id_high`, `trace_id`, `span_id`, `a_key`, `a_value`, `a_type`, `a_timestamp`, `endpoint_ipv4`, `endpoint_ipv6`, `endpoint_port`, `endpoint_service_name`) VALUES (0, -5328535706363524248, -8520234267970190352, 'sr', NULL, -1, 1638169939521100, -1062715903, NULL, NULL, 'fxz-server-system');
INSERT INTO `zipkin_annotations` (`trace_id_high`, `trace_id`, `span_id`, `a_key`, `a_value`, `a_type`, `a_timestamp`, `endpoint_ipv4`, `endpoint_ipv6`, `endpoint_port`, `endpoint_service_name`) VALUES (0, -5328535706363524248, -8520234267970190352, 'ss', NULL, -1, 1638169939594973, -1062715903, NULL, NULL, 'fxz-server-system');
INSERT INTO `zipkin_annotations` (`trace_id_high`, `trace_id`, `span_id`, `a_key`, `a_value`, `a_type`, `a_timestamp`, `endpoint_ipv4`, `endpoint_ipv6`, `endpoint_port`, `endpoint_service_name`) VALUES (0, -5328535706363524248, -8520234267970190352, 'ca', 0x01, 0, 1638169939521100, 2130706433, NULL, -5197, '');
INSERT INTO `zipkin_annotations` (`trace_id_high`, `trace_id`, `span_id`, `a_key`, `a_value`, `a_type`, `a_timestamp`, `endpoint_ipv4`, `endpoint_ipv6`, `endpoint_port`, `endpoint_service_name`) VALUES (0, -5328535706363524248, -8520234267970190352, 'http.method', 0x474554, 6, 1638169939521100, -1062715903, NULL, NULL, 'fxz-server-system');
INSERT INTO `zipkin_annotations` (`trace_id_high`, `trace_id`, `span_id`, `a_key`, `a_value`, `a_type`, `a_timestamp`, `endpoint_ipv4`, `endpoint_ipv6`, `endpoint_port`, `endpoint_service_name`) VALUES (0, -5328535706363524248, -8520234267970190352, 'http.path', 0x2F68656C6C6F, 6, 1638169939521100, -1062715903, NULL, NULL, 'fxz-server-system');
INSERT INTO `zipkin_annotations` (`trace_id_high`, `trace_id`, `span_id`, `a_key`, `a_value`, `a_type`, `a_timestamp`, `endpoint_ipv4`, `endpoint_ipv6`, `endpoint_port`, `endpoint_service_name`) VALUES (0, -5328535706363524248, -8520234267970190352, 'mvc.controller.class', 0x54657374436F6E74726F6C6C6572, 6, 1638169939521100, -1062715903, NULL, NULL, 'fxz-server-system');
INSERT INTO `zipkin_annotations` (`trace_id_high`, `trace_id`, `span_id`, `a_key`, `a_value`, `a_type`, `a_timestamp`, `endpoint_ipv4`, `endpoint_ipv6`, `endpoint_port`, `endpoint_service_name`) VALUES (0, -5328535706363524248, -8520234267970190352, 'mvc.controller.method', 0x68656C6C6F, 6, 1638169939521100, -1062715903, NULL, NULL, 'fxz-server-system');
INSERT INTO `zipkin_annotations` (`trace_id_high`, `trace_id`, `span_id`, `a_key`, `a_value`, `a_type`, `a_timestamp`, `endpoint_ipv4`, `endpoint_ipv6`, `endpoint_port`, `endpoint_service_name`) VALUES (0, -5328535706363524248, -8520234267970190352, 'cs', NULL, -1, 1638169939517799, -1062715903, NULL, NULL, 'fxz-server-system-test');
INSERT INTO `zipkin_annotations` (`trace_id_high`, `trace_id`, `span_id`, `a_key`, `a_value`, `a_type`, `a_timestamp`, `endpoint_ipv4`, `endpoint_ipv6`, `endpoint_port`, `endpoint_service_name`) VALUES (0, -5328535706363524248, -8520234267970190352, 'cr', NULL, -1, 1638169939598483, -1062715903, NULL, NULL, 'fxz-server-system-test');
INSERT INTO `zipkin_annotations` (`trace_id_high`, `trace_id`, `span_id`, `a_key`, `a_value`, `a_type`, `a_timestamp`, `endpoint_ipv4`, `endpoint_ipv6`, `endpoint_port`, `endpoint_service_name`) VALUES (0, -5328535706363524248, -8520234267970190352, 'http.method', 0x474554, 6, 1638169939517799, -1062715903, NULL, NULL, 'fxz-server-system-test');
INSERT INTO `zipkin_annotations` (`trace_id_high`, `trace_id`, `span_id`, `a_key`, `a_value`, `a_type`, `a_timestamp`, `endpoint_ipv4`, `endpoint_ipv6`, `endpoint_port`, `endpoint_service_name`) VALUES (0, -5328535706363524248, -8520234267970190352, 'http.path', 0x2F68656C6C6F, 6, 1638169939517799, -1062715903, NULL, NULL, 'fxz-server-system-test');
INSERT INTO `zipkin_annotations` (`trace_id_high`, `trace_id`, `span_id`, `a_key`, `a_value`, `a_type`, `a_timestamp`, `endpoint_ipv4`, `endpoint_ipv6`, `endpoint_port`, `endpoint_service_name`) VALUES (0, -5328535706363524248, -5328535706363524248, 'sr', NULL, -1, 1638169938984125, -1062715903, NULL, NULL, 'fxz-server-system-test');
INSERT INTO `zipkin_annotations` (`trace_id_high`, `trace_id`, `span_id`, `a_key`, `a_value`, `a_type`, `a_timestamp`, `endpoint_ipv4`, `endpoint_ipv6`, `endpoint_port`, `endpoint_service_name`) VALUES (0, -5328535706363524248, -5328535706363524248, 'ss', NULL, -1, 1638169939611242, -1062715903, NULL, NULL, 'fxz-server-system-test');
INSERT INTO `zipkin_annotations` (`trace_id_high`, `trace_id`, `span_id`, `a_key`, `a_value`, `a_type`, `a_timestamp`, `endpoint_ipv4`, `endpoint_ipv6`, `endpoint_port`, `endpoint_service_name`) VALUES (0, -5328535706363524248, -5328535706363524248, 'ca', 0x01, 0, 1638169938984125, NULL, 0x00000000000000000000000000000001, NULL, '');
INSERT INTO `zipkin_annotations` (`trace_id_high`, `trace_id`, `span_id`, `a_key`, `a_value`, `a_type`, `a_timestamp`, `endpoint_ipv4`, `endpoint_ipv6`, `endpoint_port`, `endpoint_service_name`) VALUES (0, -5328535706363524248, -5328535706363524248, 'http.method', 0x474554, 6, 1638169938984125, -1062715903, NULL, NULL, 'fxz-server-system-test');
INSERT INTO `zipkin_annotations` (`trace_id_high`, `trace_id`, `span_id`, `a_key`, `a_value`, `a_type`, `a_timestamp`, `endpoint_ipv4`, `endpoint_ipv6`, `endpoint_port`, `endpoint_service_name`) VALUES (0, -5328535706363524248, -5328535706363524248, 'http.path', 0x2F68656C6C6F, 6, 1638169938984125, -1062715903, NULL, NULL, 'fxz-server-system-test');
INSERT INTO `zipkin_annotations` (`trace_id_high`, `trace_id`, `span_id`, `a_key`, `a_value`, `a_type`, `a_timestamp`, `endpoint_ipv4`, `endpoint_ipv6`, `endpoint_port`, `endpoint_service_name`) VALUES (0, -5328535706363524248, -5328535706363524248, 'mvc.controller.class', 0x54657374436F6E74726F6C6C6572, 6, 1638169938984125, -1062715903, NULL, NULL, 'fxz-server-system-test');
INSERT INTO `zipkin_annotations` (`trace_id_high`, `trace_id`, `span_id`, `a_key`, `a_value`, `a_type`, `a_timestamp`, `endpoint_ipv4`, `endpoint_ipv6`, `endpoint_port`, `endpoint_service_name`) VALUES (0, -5328535706363524248, -5328535706363524248, 'mvc.controller.method', 0x68656C6C6F, 6, 1638169938984125, -1062715903, NULL, NULL, 'fxz-server-system-test');
INSERT INTO `zipkin_annotations` (`trace_id_high`, `trace_id`, `span_id`, `a_key`, `a_value`, `a_type`, `a_timestamp`, `endpoint_ipv4`, `endpoint_ipv6`, `endpoint_port`, `endpoint_service_name`) VALUES (0, 3021340501933078410, 3021340501933078410, 'lc', '', 6, 1638171406675000, -1062715903, NULL, NULL, 'fxz-server-system');
INSERT INTO `zipkin_annotations` (`trace_id_high`, `trace_id`, `span_id`, `a_key`, `a_value`, `a_type`, `a_timestamp`, `endpoint_ipv4`, `endpoint_ipv6`, `endpoint_port`, `endpoint_service_name`) VALUES (0, -832826882313434463, -832826882313434463, 'lc', '', 6, 1638171416873000, -1062715903, NULL, NULL, 'fxz-server-system-test');
INSERT INTO `zipkin_annotations` (`trace_id_high`, `trace_id`, `span_id`, `a_key`, `a_value`, `a_type`, `a_timestamp`, `endpoint_ipv4`, `endpoint_ipv6`, `endpoint_port`, `endpoint_service_name`) VALUES (0, 3831019749791502824, 3831019749791502824, 'sr', NULL, -1, 1638171433055254, -1062715903, NULL, NULL, 'fxz-server-system');
INSERT INTO `zipkin_annotations` (`trace_id_high`, `trace_id`, `span_id`, `a_key`, `a_value`, `a_type`, `a_timestamp`, `endpoint_ipv4`, `endpoint_ipv6`, `endpoint_port`, `endpoint_service_name`) VALUES (0, 3831019749791502824, 3831019749791502824, 'ss', NULL, -1, 1638171433063336, -1062715903, NULL, NULL, 'fxz-server-system');
INSERT INTO `zipkin_annotations` (`trace_id_high`, `trace_id`, `span_id`, `a_key`, `a_value`, `a_type`, `a_timestamp`, `endpoint_ipv4`, `endpoint_ipv6`, `endpoint_port`, `endpoint_service_name`) VALUES (0, 3831019749791502824, 3831019749791502824, 'ca', 0x01, 0, 1638171433055254, -1062721535, NULL, -3732, '');
INSERT INTO `zipkin_annotations` (`trace_id_high`, `trace_id`, `span_id`, `a_key`, `a_value`, `a_type`, `a_timestamp`, `endpoint_ipv4`, `endpoint_ipv6`, `endpoint_port`, `endpoint_service_name`) VALUES (0, 3831019749791502824, 3831019749791502824, 'http.method', 0x474554, 6, 1638171433055254, -1062715903, NULL, NULL, 'fxz-server-system');
INSERT INTO `zipkin_annotations` (`trace_id_high`, `trace_id`, `span_id`, `a_key`, `a_value`, `a_type`, `a_timestamp`, `endpoint_ipv4`, `endpoint_ipv6`, `endpoint_port`, `endpoint_service_name`) VALUES (0, 3831019749791502824, 3831019749791502824, 'http.path', 0x2F6163747561746F72, 6, 1638171433055254, -1062715903, NULL, NULL, 'fxz-server-system');
INSERT INTO `zipkin_annotations` (`trace_id_high`, `trace_id`, `span_id`, `a_key`, `a_value`, `a_type`, `a_timestamp`, `endpoint_ipv4`, `endpoint_ipv6`, `endpoint_port`, `endpoint_service_name`) VALUES (0, 6953175459323808214, 6953175459323808214, 'sr', NULL, -1, 1638171443324234, -1062715903, NULL, NULL, 'fxz-server-system-test');
INSERT INTO `zipkin_annotations` (`trace_id_high`, `trace_id`, `span_id`, `a_key`, `a_value`, `a_type`, `a_timestamp`, `endpoint_ipv4`, `endpoint_ipv6`, `endpoint_port`, `endpoint_service_name`) VALUES (0, 6953175459323808214, 6953175459323808214, 'ss', NULL, -1, 1638171443331556, -1062715903, NULL, NULL, 'fxz-server-system-test');
INSERT INTO `zipkin_annotations` (`trace_id_high`, `trace_id`, `span_id`, `a_key`, `a_value`, `a_type`, `a_timestamp`, `endpoint_ipv4`, `endpoint_ipv6`, `endpoint_port`, `endpoint_service_name`) VALUES (0, 6953175459323808214, 6953175459323808214, 'ca', 0x01, 0, 1638171443324234, -1062721535, NULL, -3716, '');
INSERT INTO `zipkin_annotations` (`trace_id_high`, `trace_id`, `span_id`, `a_key`, `a_value`, `a_type`, `a_timestamp`, `endpoint_ipv4`, `endpoint_ipv6`, `endpoint_port`, `endpoint_service_name`) VALUES (0, 6953175459323808214, 6953175459323808214, 'http.method', 0x474554, 6, 1638171443324234, -1062715903, NULL, NULL, 'fxz-server-system-test');
INSERT INTO `zipkin_annotations` (`trace_id_high`, `trace_id`, `span_id`, `a_key`, `a_value`, `a_type`, `a_timestamp`, `endpoint_ipv4`, `endpoint_ipv6`, `endpoint_port`, `endpoint_service_name`) VALUES (0, 6953175459323808214, 6953175459323808214, 'http.path', 0x2F6163747561746F72, 6, 1638171443324234, -1062715903, NULL, NULL, 'fxz-server-system-test');
INSERT INTO `zipkin_annotations` (`trace_id_high`, `trace_id`, `span_id`, `a_key`, `a_value`, `a_type`, `a_timestamp`, `endpoint_ipv4`, `endpoint_ipv6`, `endpoint_port`, `endpoint_service_name`) VALUES (0, 3592737260128299163, 8028521047333011932, 'cs', NULL, -1, 1638171534842575, -1062715903, NULL, NULL, 'fxz-server-system-test');
INSERT INTO `zipkin_annotations` (`trace_id_high`, `trace_id`, `span_id`, `a_key`, `a_value`, `a_type`, `a_timestamp`, `endpoint_ipv4`, `endpoint_ipv6`, `endpoint_port`, `endpoint_service_name`) VALUES (0, 3592737260128299163, 8028521047333011932, 'cr', NULL, -1, 1638171534937773, -1062715903, NULL, NULL, 'fxz-server-system-test');
INSERT INTO `zipkin_annotations` (`trace_id_high`, `trace_id`, `span_id`, `a_key`, `a_value`, `a_type`, `a_timestamp`, `endpoint_ipv4`, `endpoint_ipv6`, `endpoint_port`, `endpoint_service_name`) VALUES (0, 3592737260128299163, 8028521047333011932, 'http.method', 0x474554, 6, 1638171534842575, -1062715903, NULL, NULL, 'fxz-server-system-test');
INSERT INTO `zipkin_annotations` (`trace_id_high`, `trace_id`, `span_id`, `a_key`, `a_value`, `a_type`, `a_timestamp`, `endpoint_ipv4`, `endpoint_ipv6`, `endpoint_port`, `endpoint_service_name`) VALUES (0, 3592737260128299163, 8028521047333011932, 'http.path', 0x2F617574682F75736572, 6, 1638171534842575, -1062715903, NULL, NULL, 'fxz-server-system-test');
INSERT INTO `zipkin_annotations` (`trace_id_high`, `trace_id`, `span_id`, `a_key`, `a_value`, `a_type`, `a_timestamp`, `endpoint_ipv4`, `endpoint_ipv6`, `endpoint_port`, `endpoint_service_name`) VALUES (0, 3592737260128299163, 1198070489411063301, 'cs', NULL, -1, 1638171535296297, -1062715903, NULL, NULL, 'fxz-server-system-test');
INSERT INTO `zipkin_annotations` (`trace_id_high`, `trace_id`, `span_id`, `a_key`, `a_value`, `a_type`, `a_timestamp`, `endpoint_ipv4`, `endpoint_ipv6`, `endpoint_port`, `endpoint_service_name`) VALUES (0, 3592737260128299163, 1198070489411063301, 'cr', NULL, -1, 1638171535351360, -1062715903, NULL, NULL, 'fxz-server-system-test');
INSERT INTO `zipkin_annotations` (`trace_id_high`, `trace_id`, `span_id`, `a_key`, `a_value`, `a_type`, `a_timestamp`, `endpoint_ipv4`, `endpoint_ipv6`, `endpoint_port`, `endpoint_service_name`) VALUES (0, 3592737260128299163, 1198070489411063301, 'http.method', 0x474554, 6, 1638171535296297, -1062715903, NULL, NULL, 'fxz-server-system-test');
INSERT INTO `zipkin_annotations` (`trace_id_high`, `trace_id`, `span_id`, `a_key`, `a_value`, `a_type`, `a_timestamp`, `endpoint_ipv4`, `endpoint_ipv6`, `endpoint_port`, `endpoint_service_name`) VALUES (0, 3592737260128299163, 1198070489411063301, 'http.path', 0x2F68656C6C6F, 6, 1638171535296297, -1062715903, NULL, NULL, 'fxz-server-system-test');
INSERT INTO `zipkin_annotations` (`trace_id_high`, `trace_id`, `span_id`, `a_key`, `a_value`, `a_type`, `a_timestamp`, `endpoint_ipv4`, `endpoint_ipv6`, `endpoint_port`, `endpoint_service_name`) VALUES (0, 3592737260128299163, 3592737260128299163, 'sr', NULL, -1, 1638171534839111, -1062715903, NULL, NULL, 'fxz-server-system-test');
INSERT INTO `zipkin_annotations` (`trace_id_high`, `trace_id`, `span_id`, `a_key`, `a_value`, `a_type`, `a_timestamp`, `endpoint_ipv4`, `endpoint_ipv6`, `endpoint_port`, `endpoint_service_name`) VALUES (0, 3592737260128299163, 3592737260128299163, 'ss', NULL, -1, 1638171535361900, -1062715903, NULL, NULL, 'fxz-server-system-test');
INSERT INTO `zipkin_annotations` (`trace_id_high`, `trace_id`, `span_id`, `a_key`, `a_value`, `a_type`, `a_timestamp`, `endpoint_ipv4`, `endpoint_ipv6`, `endpoint_port`, `endpoint_service_name`) VALUES (0, 3592737260128299163, 3592737260128299163, 'ca', 0x01, 0, 1638171534839111, NULL, 0x00000000000000000000000000000001, NULL, '');
INSERT INTO `zipkin_annotations` (`trace_id_high`, `trace_id`, `span_id`, `a_key`, `a_value`, `a_type`, `a_timestamp`, `endpoint_ipv4`, `endpoint_ipv6`, `endpoint_port`, `endpoint_service_name`) VALUES (0, 3592737260128299163, 3592737260128299163, 'http.method', 0x474554, 6, 1638171534839111, -1062715903, NULL, NULL, 'fxz-server-system-test');
INSERT INTO `zipkin_annotations` (`trace_id_high`, `trace_id`, `span_id`, `a_key`, `a_value`, `a_type`, `a_timestamp`, `endpoint_ipv4`, `endpoint_ipv6`, `endpoint_port`, `endpoint_service_name`) VALUES (0, 3592737260128299163, 3592737260128299163, 'http.path', 0x2F68656C6C6F, 6, 1638171534839111, -1062715903, NULL, NULL, 'fxz-server-system-test');
INSERT INTO `zipkin_annotations` (`trace_id_high`, `trace_id`, `span_id`, `a_key`, `a_value`, `a_type`, `a_timestamp`, `endpoint_ipv4`, `endpoint_ipv6`, `endpoint_port`, `endpoint_service_name`) VALUES (0, 3592737260128299163, 3592737260128299163, 'mvc.controller.class', 0x54657374436F6E74726F6C6C6572, 6, 1638171534839111, -1062715903, NULL, NULL, 'fxz-server-system-test');
INSERT INTO `zipkin_annotations` (`trace_id_high`, `trace_id`, `span_id`, `a_key`, `a_value`, `a_type`, `a_timestamp`, `endpoint_ipv4`, `endpoint_ipv6`, `endpoint_port`, `endpoint_service_name`) VALUES (0, 3592737260128299163, 3592737260128299163, 'mvc.controller.method', 0x68656C6C6F, 6, 1638171534839111, -1062715903, NULL, NULL, 'fxz-server-system-test');
INSERT INTO `zipkin_annotations` (`trace_id_high`, `trace_id`, `span_id`, `a_key`, `a_value`, `a_type`, `a_timestamp`, `endpoint_ipv4`, `endpoint_ipv6`, `endpoint_port`, `endpoint_service_name`) VALUES (0, 3592737260128299163, -2874851072035824594, 'cs', NULL, -1, 1638171535303270, -1062715903, NULL, NULL, 'fxz-server-system');
INSERT INTO `zipkin_annotations` (`trace_id_high`, `trace_id`, `span_id`, `a_key`, `a_value`, `a_type`, `a_timestamp`, `endpoint_ipv4`, `endpoint_ipv6`, `endpoint_port`, `endpoint_service_name`) VALUES (0, 3592737260128299163, -2874851072035824594, 'cr', NULL, -1, 1638171535326023, -1062715903, NULL, NULL, 'fxz-server-system');
INSERT INTO `zipkin_annotations` (`trace_id_high`, `trace_id`, `span_id`, `a_key`, `a_value`, `a_type`, `a_timestamp`, `endpoint_ipv4`, `endpoint_ipv6`, `endpoint_port`, `endpoint_service_name`) VALUES (0, 3592737260128299163, -2874851072035824594, 'http.method', 0x474554, 6, 1638171535303270, -1062715903, NULL, NULL, 'fxz-server-system');
INSERT INTO `zipkin_annotations` (`trace_id_high`, `trace_id`, `span_id`, `a_key`, `a_value`, `a_type`, `a_timestamp`, `endpoint_ipv4`, `endpoint_ipv6`, `endpoint_port`, `endpoint_service_name`) VALUES (0, 3592737260128299163, -2874851072035824594, 'http.path', 0x2F617574682F75736572, 6, 1638171535303270, -1062715903, NULL, NULL, 'fxz-server-system');
INSERT INTO `zipkin_annotations` (`trace_id_high`, `trace_id`, `span_id`, `a_key`, `a_value`, `a_type`, `a_timestamp`, `endpoint_ipv4`, `endpoint_ipv6`, `endpoint_port`, `endpoint_service_name`) VALUES (0, 3592737260128299163, 1198070489411063301, 'sr', NULL, -1, 1638171535299183, -1062715903, NULL, NULL, 'fxz-server-system');
INSERT INTO `zipkin_annotations` (`trace_id_high`, `trace_id`, `span_id`, `a_key`, `a_value`, `a_type`, `a_timestamp`, `endpoint_ipv4`, `endpoint_ipv6`, `endpoint_port`, `endpoint_service_name`) VALUES (0, 3592737260128299163, 1198070489411063301, 'ss', NULL, -1, 1638171535349071, -1062715903, NULL, NULL, 'fxz-server-system');
INSERT INTO `zipkin_annotations` (`trace_id_high`, `trace_id`, `span_id`, `a_key`, `a_value`, `a_type`, `a_timestamp`, `endpoint_ipv4`, `endpoint_ipv6`, `endpoint_port`, `endpoint_service_name`) VALUES (0, 3592737260128299163, 1198070489411063301, 'ca', 0x01, 0, 1638171535299183, 2130706433, NULL, -3679, '');
INSERT INTO `zipkin_annotations` (`trace_id_high`, `trace_id`, `span_id`, `a_key`, `a_value`, `a_type`, `a_timestamp`, `endpoint_ipv4`, `endpoint_ipv6`, `endpoint_port`, `endpoint_service_name`) VALUES (0, 3592737260128299163, 1198070489411063301, 'http.method', 0x474554, 6, 1638171535299183, -1062715903, NULL, NULL, 'fxz-server-system');
INSERT INTO `zipkin_annotations` (`trace_id_high`, `trace_id`, `span_id`, `a_key`, `a_value`, `a_type`, `a_timestamp`, `endpoint_ipv4`, `endpoint_ipv6`, `endpoint_port`, `endpoint_service_name`) VALUES (0, 3592737260128299163, 1198070489411063301, 'http.path', 0x2F68656C6C6F, 6, 1638171535299183, -1062715903, NULL, NULL, 'fxz-server-system');
INSERT INTO `zipkin_annotations` (`trace_id_high`, `trace_id`, `span_id`, `a_key`, `a_value`, `a_type`, `a_timestamp`, `endpoint_ipv4`, `endpoint_ipv6`, `endpoint_port`, `endpoint_service_name`) VALUES (0, 3592737260128299163, 1198070489411063301, 'mvc.controller.class', 0x54657374436F6E74726F6C6C6572, 6, 1638171535299183, -1062715903, NULL, NULL, 'fxz-server-system');
INSERT INTO `zipkin_annotations` (`trace_id_high`, `trace_id`, `span_id`, `a_key`, `a_value`, `a_type`, `a_timestamp`, `endpoint_ipv4`, `endpoint_ipv6`, `endpoint_port`, `endpoint_service_name`) VALUES (0, 3592737260128299163, 1198070489411063301, 'mvc.controller.method', 0x68656C6C6F, 6, 1638171535299183, -1062715903, NULL, NULL, 'fxz-server-system');
INSERT INTO `zipkin_annotations` (`trace_id_high`, `trace_id`, `span_id`, `a_key`, `a_value`, `a_type`, `a_timestamp`, `endpoint_ipv4`, `endpoint_ipv6`, `endpoint_port`, `endpoint_service_name`) VALUES (0, -5656661044141199813, -6092636913825039442, 'cs', NULL, -1, 1638171883694734, -1062715903, NULL, NULL, 'fxz-server-system-test');
INSERT INTO `zipkin_annotations` (`trace_id_high`, `trace_id`, `span_id`, `a_key`, `a_value`, `a_type`, `a_timestamp`, `endpoint_ipv4`, `endpoint_ipv6`, `endpoint_port`, `endpoint_service_name`) VALUES (0, -5656661044141199813, -6092636913825039442, 'cr', NULL, -1, 1638171883707687, -1062715903, NULL, NULL, 'fxz-server-system-test');
INSERT INTO `zipkin_annotations` (`trace_id_high`, `trace_id`, `span_id`, `a_key`, `a_value`, `a_type`, `a_timestamp`, `endpoint_ipv4`, `endpoint_ipv6`, `endpoint_port`, `endpoint_service_name`) VALUES (0, -5656661044141199813, -6092636913825039442, 'http.method', 0x474554, 6, 1638171883694734, -1062715903, NULL, NULL, 'fxz-server-system-test');
INSERT INTO `zipkin_annotations` (`trace_id_high`, `trace_id`, `span_id`, `a_key`, `a_value`, `a_type`, `a_timestamp`, `endpoint_ipv4`, `endpoint_ipv6`, `endpoint_port`, `endpoint_service_name`) VALUES (0, -5656661044141199813, -6092636913825039442, 'http.path', 0x2F617574682F75736572, 6, 1638171883694734, -1062715903, NULL, NULL, 'fxz-server-system-test');
INSERT INTO `zipkin_annotations` (`trace_id_high`, `trace_id`, `span_id`, `a_key`, `a_value`, `a_type`, `a_timestamp`, `endpoint_ipv4`, `endpoint_ipv6`, `endpoint_port`, `endpoint_service_name`) VALUES (0, -5656661044141199813, 1200834296849922203, 'cs', NULL, -1, 1638171883710609, -1062715903, NULL, NULL, 'fxz-server-system-test');
INSERT INTO `zipkin_annotations` (`trace_id_high`, `trace_id`, `span_id`, `a_key`, `a_value`, `a_type`, `a_timestamp`, `endpoint_ipv4`, `endpoint_ipv6`, `endpoint_port`, `endpoint_service_name`) VALUES (0, -5656661044141199813, 1200834296849922203, 'cr', NULL, -1, 1638171883730378, -1062715903, NULL, NULL, 'fxz-server-system-test');
INSERT INTO `zipkin_annotations` (`trace_id_high`, `trace_id`, `span_id`, `a_key`, `a_value`, `a_type`, `a_timestamp`, `endpoint_ipv4`, `endpoint_ipv6`, `endpoint_port`, `endpoint_service_name`) VALUES (0, -5656661044141199813, 1200834296849922203, 'http.method', 0x474554, 6, 1638171883710609, -1062715903, NULL, NULL, 'fxz-server-system-test');
INSERT INTO `zipkin_annotations` (`trace_id_high`, `trace_id`, `span_id`, `a_key`, `a_value`, `a_type`, `a_timestamp`, `endpoint_ipv4`, `endpoint_ipv6`, `endpoint_port`, `endpoint_service_name`) VALUES (0, -5656661044141199813, 1200834296849922203, 'http.path', 0x2F68656C6C6F, 6, 1638171883710609, -1062715903, NULL, NULL, 'fxz-server-system-test');
INSERT INTO `zipkin_annotations` (`trace_id_high`, `trace_id`, `span_id`, `a_key`, `a_value`, `a_type`, `a_timestamp`, `endpoint_ipv4`, `endpoint_ipv6`, `endpoint_port`, `endpoint_service_name`) VALUES (0, -5656661044141199813, -5656661044141199813, 'sr', NULL, -1, 1638171883694087, -1062715903, NULL, NULL, 'fxz-server-system-test');
INSERT INTO `zipkin_annotations` (`trace_id_high`, `trace_id`, `span_id`, `a_key`, `a_value`, `a_type`, `a_timestamp`, `endpoint_ipv4`, `endpoint_ipv6`, `endpoint_port`, `endpoint_service_name`) VALUES (0, -5656661044141199813, -5656661044141199813, 'ss', NULL, -1, 1638171883731729, -1062715903, NULL, NULL, 'fxz-server-system-test');
INSERT INTO `zipkin_annotations` (`trace_id_high`, `trace_id`, `span_id`, `a_key`, `a_value`, `a_type`, `a_timestamp`, `endpoint_ipv4`, `endpoint_ipv6`, `endpoint_port`, `endpoint_service_name`) VALUES (0, -5656661044141199813, -5656661044141199813, 'ca', 0x01, 0, 1638171883694087, NULL, 0x00000000000000000000000000000001, NULL, '');
INSERT INTO `zipkin_annotations` (`trace_id_high`, `trace_id`, `span_id`, `a_key`, `a_value`, `a_type`, `a_timestamp`, `endpoint_ipv4`, `endpoint_ipv6`, `endpoint_port`, `endpoint_service_name`) VALUES (0, -5656661044141199813, -5656661044141199813, 'http.method', 0x474554, 6, 1638171883694087, -1062715903, NULL, NULL, 'fxz-server-system-test');
INSERT INTO `zipkin_annotations` (`trace_id_high`, `trace_id`, `span_id`, `a_key`, `a_value`, `a_type`, `a_timestamp`, `endpoint_ipv4`, `endpoint_ipv6`, `endpoint_port`, `endpoint_service_name`) VALUES (0, -5656661044141199813, -5656661044141199813, 'http.path', 0x2F68656C6C6F, 6, 1638171883694087, -1062715903, NULL, NULL, 'fxz-server-system-test');
INSERT INTO `zipkin_annotations` (`trace_id_high`, `trace_id`, `span_id`, `a_key`, `a_value`, `a_type`, `a_timestamp`, `endpoint_ipv4`, `endpoint_ipv6`, `endpoint_port`, `endpoint_service_name`) VALUES (0, -5656661044141199813, -5656661044141199813, 'mvc.controller.class', 0x54657374436F6E74726F6C6C6572, 6, 1638171883694087, -1062715903, NULL, NULL, 'fxz-server-system-test');
INSERT INTO `zipkin_annotations` (`trace_id_high`, `trace_id`, `span_id`, `a_key`, `a_value`, `a_type`, `a_timestamp`, `endpoint_ipv4`, `endpoint_ipv6`, `endpoint_port`, `endpoint_service_name`) VALUES (0, -5656661044141199813, -5656661044141199813, 'mvc.controller.method', 0x68656C6C6F, 6, 1638171883694087, -1062715903, NULL, NULL, 'fxz-server-system-test');
INSERT INTO `zipkin_annotations` (`trace_id_high`, `trace_id`, `span_id`, `a_key`, `a_value`, `a_type`, `a_timestamp`, `endpoint_ipv4`, `endpoint_ipv6`, `endpoint_port`, `endpoint_service_name`) VALUES (0, -5656661044141199813, -8489855318435819779, 'cs', NULL, -1, 1638171883712031, -1062715903, NULL, NULL, 'fxz-server-system');
INSERT INTO `zipkin_annotations` (`trace_id_high`, `trace_id`, `span_id`, `a_key`, `a_value`, `a_type`, `a_timestamp`, `endpoint_ipv4`, `endpoint_ipv6`, `endpoint_port`, `endpoint_service_name`) VALUES (0, -5656661044141199813, -8489855318435819779, 'cr', NULL, -1, 1638171883725761, -1062715903, NULL, NULL, 'fxz-server-system');
INSERT INTO `zipkin_annotations` (`trace_id_high`, `trace_id`, `span_id`, `a_key`, `a_value`, `a_type`, `a_timestamp`, `endpoint_ipv4`, `endpoint_ipv6`, `endpoint_port`, `endpoint_service_name`) VALUES (0, -5656661044141199813, -8489855318435819779, 'http.method', 0x474554, 6, 1638171883712031, -1062715903, NULL, NULL, 'fxz-server-system');
INSERT INTO `zipkin_annotations` (`trace_id_high`, `trace_id`, `span_id`, `a_key`, `a_value`, `a_type`, `a_timestamp`, `endpoint_ipv4`, `endpoint_ipv6`, `endpoint_port`, `endpoint_service_name`) VALUES (0, -5656661044141199813, -8489855318435819779, 'http.path', 0x2F617574682F75736572, 6, 1638171883712031, -1062715903, NULL, NULL, 'fxz-server-system');
INSERT INTO `zipkin_annotations` (`trace_id_high`, `trace_id`, `span_id`, `a_key`, `a_value`, `a_type`, `a_timestamp`, `endpoint_ipv4`, `endpoint_ipv6`, `endpoint_port`, `endpoint_service_name`) VALUES (0, -5656661044141199813, 1200834296849922203, 'sr', NULL, -1, 1638171883712085, -1062715903, NULL, NULL, 'fxz-server-system');
INSERT INTO `zipkin_annotations` (`trace_id_high`, `trace_id`, `span_id`, `a_key`, `a_value`, `a_type`, `a_timestamp`, `endpoint_ipv4`, `endpoint_ipv6`, `endpoint_port`, `endpoint_service_name`) VALUES (0, -5656661044141199813, 1200834296849922203, 'ss', NULL, -1, 1638171883730681, -1062715903, NULL, NULL, 'fxz-server-system');
INSERT INTO `zipkin_annotations` (`trace_id_high`, `trace_id`, `span_id`, `a_key`, `a_value`, `a_type`, `a_timestamp`, `endpoint_ipv4`, `endpoint_ipv6`, `endpoint_port`, `endpoint_service_name`) VALUES (0, -5656661044141199813, 1200834296849922203, 'ca', 0x01, 0, 1638171883712085, 2130706433, NULL, -3481, '');
INSERT INTO `zipkin_annotations` (`trace_id_high`, `trace_id`, `span_id`, `a_key`, `a_value`, `a_type`, `a_timestamp`, `endpoint_ipv4`, `endpoint_ipv6`, `endpoint_port`, `endpoint_service_name`) VALUES (0, -5656661044141199813, 1200834296849922203, 'http.method', 0x474554, 6, 1638171883712085, -1062715903, NULL, NULL, 'fxz-server-system');
INSERT INTO `zipkin_annotations` (`trace_id_high`, `trace_id`, `span_id`, `a_key`, `a_value`, `a_type`, `a_timestamp`, `endpoint_ipv4`, `endpoint_ipv6`, `endpoint_port`, `endpoint_service_name`) VALUES (0, -5656661044141199813, 1200834296849922203, 'http.path', 0x2F68656C6C6F, 6, 1638171883712085, -1062715903, NULL, NULL, 'fxz-server-system');
INSERT INTO `zipkin_annotations` (`trace_id_high`, `trace_id`, `span_id`, `a_key`, `a_value`, `a_type`, `a_timestamp`, `endpoint_ipv4`, `endpoint_ipv6`, `endpoint_port`, `endpoint_service_name`) VALUES (0, -5656661044141199813, 1200834296849922203, 'mvc.controller.class', 0x54657374436F6E74726F6C6C6572, 6, 1638171883712085, -1062715903, NULL, NULL, 'fxz-server-system');
INSERT INTO `zipkin_annotations` (`trace_id_high`, `trace_id`, `span_id`, `a_key`, `a_value`, `a_type`, `a_timestamp`, `endpoint_ipv4`, `endpoint_ipv6`, `endpoint_port`, `endpoint_service_name`) VALUES (0, -5656661044141199813, 1200834296849922203, 'mvc.controller.method', 0x68656C6C6F, 6, 1638171883712085, -1062715903, NULL, NULL, 'fxz-server-system');
INSERT INTO `zipkin_annotations` (`trace_id_high`, `trace_id`, `span_id`, `a_key`, `a_value`, `a_type`, `a_timestamp`, `endpoint_ipv4`, `endpoint_ipv6`, `endpoint_port`, `endpoint_service_name`) VALUES (0, 8582406937137518271, 8109846340536009304, 'cs', NULL, -1, 1638171885829877, -1062715903, NULL, NULL, 'fxz-server-system');
INSERT INTO `zipkin_annotations` (`trace_id_high`, `trace_id`, `span_id`, `a_key`, `a_value`, `a_type`, `a_timestamp`, `endpoint_ipv4`, `endpoint_ipv6`, `endpoint_port`, `endpoint_service_name`) VALUES (0, 8582406937137518271, 8109846340536009304, 'cr', NULL, -1, 1638171885841633, -1062715903, NULL, NULL, 'fxz-server-system');
INSERT INTO `zipkin_annotations` (`trace_id_high`, `trace_id`, `span_id`, `a_key`, `a_value`, `a_type`, `a_timestamp`, `endpoint_ipv4`, `endpoint_ipv6`, `endpoint_port`, `endpoint_service_name`) VALUES (0, 8582406937137518271, 8109846340536009304, 'http.method', 0x474554, 6, 1638171885829877, -1062715903, NULL, NULL, 'fxz-server-system');
INSERT INTO `zipkin_annotations` (`trace_id_high`, `trace_id`, `span_id`, `a_key`, `a_value`, `a_type`, `a_timestamp`, `endpoint_ipv4`, `endpoint_ipv6`, `endpoint_port`, `endpoint_service_name`) VALUES (0, 8582406937137518271, 8109846340536009304, 'http.path', 0x2F617574682F75736572, 6, 1638171885829877, -1062715903, NULL, NULL, 'fxz-server-system');
INSERT INTO `zipkin_annotations` (`trace_id_high`, `trace_id`, `span_id`, `a_key`, `a_value`, `a_type`, `a_timestamp`, `endpoint_ipv4`, `endpoint_ipv6`, `endpoint_port`, `endpoint_service_name`) VALUES (0, 8582406937137518271, 8582406937137518271, 'sr', NULL, -1, 1638171885828194, -1062715903, NULL, NULL, 'fxz-server-system');
INSERT INTO `zipkin_annotations` (`trace_id_high`, `trace_id`, `span_id`, `a_key`, `a_value`, `a_type`, `a_timestamp`, `endpoint_ipv4`, `endpoint_ipv6`, `endpoint_port`, `endpoint_service_name`) VALUES (0, 8582406937137518271, 8582406937137518271, 'ss', NULL, -1, 1638171886199373, -1062715903, NULL, NULL, 'fxz-server-system');
INSERT INTO `zipkin_annotations` (`trace_id_high`, `trace_id`, `span_id`, `a_key`, `a_value`, `a_type`, `a_timestamp`, `endpoint_ipv4`, `endpoint_ipv6`, `endpoint_port`, `endpoint_service_name`) VALUES (0, 8582406937137518271, 8582406937137518271, 'ca', 0x01, 0, 1638171885828194, NULL, 0x00000000000000000000000000000001, NULL, '');
INSERT INTO `zipkin_annotations` (`trace_id_high`, `trace_id`, `span_id`, `a_key`, `a_value`, `a_type`, `a_timestamp`, `endpoint_ipv4`, `endpoint_ipv6`, `endpoint_port`, `endpoint_service_name`) VALUES (0, 8582406937137518271, 8582406937137518271, 'http.method', 0x505554, 6, 1638171885828194, -1062715903, NULL, NULL, 'fxz-server-system');
INSERT INTO `zipkin_annotations` (`trace_id_high`, `trace_id`, `span_id`, `a_key`, `a_value`, `a_type`, `a_timestamp`, `endpoint_ipv4`, `endpoint_ipv6`, `endpoint_port`, `endpoint_service_name`) VALUES (0, 8582406937137518271, 8582406937137518271, 'http.path', 0x2F75736572, 6, 1638171885828194, -1062715903, NULL, NULL, 'fxz-server-system');
INSERT INTO `zipkin_annotations` (`trace_id_high`, `trace_id`, `span_id`, `a_key`, `a_value`, `a_type`, `a_timestamp`, `endpoint_ipv4`, `endpoint_ipv6`, `endpoint_port`, `endpoint_service_name`) VALUES (0, 8582406937137518271, 8582406937137518271, 'mvc.controller.class', 0x55736572436F6E74726F6C6C6572, 6, 1638171885828194, -1062715903, NULL, NULL, 'fxz-server-system');
INSERT INTO `zipkin_annotations` (`trace_id_high`, `trace_id`, `span_id`, `a_key`, `a_value`, `a_type`, `a_timestamp`, `endpoint_ipv4`, `endpoint_ipv6`, `endpoint_port`, `endpoint_service_name`) VALUES (0, 8582406937137518271, 8582406937137518271, 'mvc.controller.method', 0x75706461746555736572, 6, 1638171885828194, -1062715903, NULL, NULL, 'fxz-server-system');
INSERT INTO `zipkin_annotations` (`trace_id_high`, `trace_id`, `span_id`, `a_key`, `a_value`, `a_type`, `a_timestamp`, `endpoint_ipv4`, `endpoint_ipv6`, `endpoint_port`, `endpoint_service_name`) VALUES (0, -7001130729477240016, -7001130729477240016, 'lc', '', 6, 1638172016343000, -1062715903, NULL, NULL, 'fxz-server-system');
INSERT INTO `zipkin_annotations` (`trace_id_high`, `trace_id`, `span_id`, `a_key`, `a_value`, `a_type`, `a_timestamp`, `endpoint_ipv4`, `endpoint_ipv6`, `endpoint_port`, `endpoint_service_name`) VALUES (0, 5953620445964840203, 5953620445964840203, 'sr', NULL, -1, 1638172023984811, -1062715903, NULL, NULL, 'fxz-server-system');
INSERT INTO `zipkin_annotations` (`trace_id_high`, `trace_id`, `span_id`, `a_key`, `a_value`, `a_type`, `a_timestamp`, `endpoint_ipv4`, `endpoint_ipv6`, `endpoint_port`, `endpoint_service_name`) VALUES (0, 5953620445964840203, 5953620445964840203, 'ss', NULL, -1, 1638172023991105, -1062715903, NULL, NULL, 'fxz-server-system');
INSERT INTO `zipkin_annotations` (`trace_id_high`, `trace_id`, `span_id`, `a_key`, `a_value`, `a_type`, `a_timestamp`, `endpoint_ipv4`, `endpoint_ipv6`, `endpoint_port`, `endpoint_service_name`) VALUES (0, 5953620445964840203, 5953620445964840203, 'ca', 0x01, 0, 1638172023984811, -1062721535, NULL, -3318, '');
INSERT INTO `zipkin_annotations` (`trace_id_high`, `trace_id`, `span_id`, `a_key`, `a_value`, `a_type`, `a_timestamp`, `endpoint_ipv4`, `endpoint_ipv6`, `endpoint_port`, `endpoint_service_name`) VALUES (0, 5953620445964840203, 5953620445964840203, 'http.method', 0x474554, 6, 1638172023984811, -1062715903, NULL, NULL, 'fxz-server-system');
INSERT INTO `zipkin_annotations` (`trace_id_high`, `trace_id`, `span_id`, `a_key`, `a_value`, `a_type`, `a_timestamp`, `endpoint_ipv4`, `endpoint_ipv6`, `endpoint_port`, `endpoint_service_name`) VALUES (0, 5953620445964840203, 5953620445964840203, 'http.path', 0x2F6163747561746F72, 6, 1638172023984811, -1062715903, NULL, NULL, 'fxz-server-system');
INSERT INTO `zipkin_annotations` (`trace_id_high`, `trace_id`, `span_id`, `a_key`, `a_value`, `a_type`, `a_timestamp`, `endpoint_ipv4`, `endpoint_ipv6`, `endpoint_port`, `endpoint_service_name`) VALUES (0, 5555067615528282343, 5555067615528282343, 'lc', '', 6, 1638172027446000, -1062715903, NULL, NULL, 'fxz-server-system-test');
INSERT INTO `zipkin_annotations` (`trace_id_high`, `trace_id`, `span_id`, `a_key`, `a_value`, `a_type`, `a_timestamp`, `endpoint_ipv4`, `endpoint_ipv6`, `endpoint_port`, `endpoint_service_name`) VALUES (0, -6387757123946159492, -895604104681823013, 'cs', NULL, -1, 1638172033329855, -1062715903, NULL, NULL, 'fxz-server-system');
INSERT INTO `zipkin_annotations` (`trace_id_high`, `trace_id`, `span_id`, `a_key`, `a_value`, `a_type`, `a_timestamp`, `endpoint_ipv4`, `endpoint_ipv6`, `endpoint_port`, `endpoint_service_name`) VALUES (0, -6387757123946159492, -895604104681823013, 'cr', NULL, -1, 1638172033352121, -1062715903, NULL, NULL, 'fxz-server-system');
INSERT INTO `zipkin_annotations` (`trace_id_high`, `trace_id`, `span_id`, `a_key`, `a_value`, `a_type`, `a_timestamp`, `endpoint_ipv4`, `endpoint_ipv6`, `endpoint_port`, `endpoint_service_name`) VALUES (0, -6387757123946159492, -895604104681823013, 'http.method', 0x474554, 6, 1638172033329855, -1062715903, NULL, NULL, 'fxz-server-system');
INSERT INTO `zipkin_annotations` (`trace_id_high`, `trace_id`, `span_id`, `a_key`, `a_value`, `a_type`, `a_timestamp`, `endpoint_ipv4`, `endpoint_ipv6`, `endpoint_port`, `endpoint_service_name`) VALUES (0, -6387757123946159492, -895604104681823013, 'http.path', 0x2F617574682F75736572, 6, 1638172033329855, -1062715903, NULL, NULL, 'fxz-server-system');
INSERT INTO `zipkin_annotations` (`trace_id_high`, `trace_id`, `span_id`, `a_key`, `a_value`, `a_type`, `a_timestamp`, `endpoint_ipv4`, `endpoint_ipv6`, `endpoint_port`, `endpoint_service_name`) VALUES (0, -6387757123946159492, -6387757123946159492, 'sr', NULL, -1, 1638172033317109, -1062715903, NULL, NULL, 'fxz-server-system');
INSERT INTO `zipkin_annotations` (`trace_id_high`, `trace_id`, `span_id`, `a_key`, `a_value`, `a_type`, `a_timestamp`, `endpoint_ipv4`, `endpoint_ipv6`, `endpoint_port`, `endpoint_service_name`) VALUES (0, -6387757123946159492, -6387757123946159492, 'ss', NULL, -1, 1638172033668958, -1062715903, NULL, NULL, 'fxz-server-system');
INSERT INTO `zipkin_annotations` (`trace_id_high`, `trace_id`, `span_id`, `a_key`, `a_value`, `a_type`, `a_timestamp`, `endpoint_ipv4`, `endpoint_ipv6`, `endpoint_port`, `endpoint_service_name`) VALUES (0, -6387757123946159492, -6387757123946159492, 'ca', 0x01, 0, 1638172033317109, NULL, 0x00000000000000000000000000000001, NULL, '');
INSERT INTO `zipkin_annotations` (`trace_id_high`, `trace_id`, `span_id`, `a_key`, `a_value`, `a_type`, `a_timestamp`, `endpoint_ipv4`, `endpoint_ipv6`, `endpoint_port`, `endpoint_service_name`) VALUES (0, -6387757123946159492, -6387757123946159492, 'http.method', 0x505554, 6, 1638172033317109, -1062715903, NULL, NULL, 'fxz-server-system');
INSERT INTO `zipkin_annotations` (`trace_id_high`, `trace_id`, `span_id`, `a_key`, `a_value`, `a_type`, `a_timestamp`, `endpoint_ipv4`, `endpoint_ipv6`, `endpoint_port`, `endpoint_service_name`) VALUES (0, -6387757123946159492, -6387757123946159492, 'http.path', 0x2F75736572, 6, 1638172033317109, -1062715903, NULL, NULL, 'fxz-server-system');
INSERT INTO `zipkin_annotations` (`trace_id_high`, `trace_id`, `span_id`, `a_key`, `a_value`, `a_type`, `a_timestamp`, `endpoint_ipv4`, `endpoint_ipv6`, `endpoint_port`, `endpoint_service_name`) VALUES (0, -6387757123946159492, -6387757123946159492, 'mvc.controller.class', 0x55736572436F6E74726F6C6C6572, 6, 1638172033317109, -1062715903, NULL, NULL, 'fxz-server-system');
INSERT INTO `zipkin_annotations` (`trace_id_high`, `trace_id`, `span_id`, `a_key`, `a_value`, `a_type`, `a_timestamp`, `endpoint_ipv4`, `endpoint_ipv6`, `endpoint_port`, `endpoint_service_name`) VALUES (0, -6387757123946159492, -6387757123946159492, 'mvc.controller.method', 0x75706461746555736572, 6, 1638172033317109, -1062715903, NULL, NULL, 'fxz-server-system');
INSERT INTO `zipkin_annotations` (`trace_id_high`, `trace_id`, `span_id`, `a_key`, `a_value`, `a_type`, `a_timestamp`, `endpoint_ipv4`, `endpoint_ipv6`, `endpoint_port`, `endpoint_service_name`) VALUES (0, -5778378588885136564, -6751089193175309411, 'cs', NULL, -1, 1638172034664994, -1062715903, NULL, NULL, 'fxz-server-system');
INSERT INTO `zipkin_annotations` (`trace_id_high`, `trace_id`, `span_id`, `a_key`, `a_value`, `a_type`, `a_timestamp`, `endpoint_ipv4`, `endpoint_ipv6`, `endpoint_port`, `endpoint_service_name`) VALUES (0, -5778378588885136564, -6751089193175309411, 'cr', NULL, -1, 1638172034677582, -1062715903, NULL, NULL, 'fxz-server-system');
INSERT INTO `zipkin_annotations` (`trace_id_high`, `trace_id`, `span_id`, `a_key`, `a_value`, `a_type`, `a_timestamp`, `endpoint_ipv4`, `endpoint_ipv6`, `endpoint_port`, `endpoint_service_name`) VALUES (0, -5778378588885136564, -6751089193175309411, 'http.method', 0x474554, 6, 1638172034664994, -1062715903, NULL, NULL, 'fxz-server-system');
INSERT INTO `zipkin_annotations` (`trace_id_high`, `trace_id`, `span_id`, `a_key`, `a_value`, `a_type`, `a_timestamp`, `endpoint_ipv4`, `endpoint_ipv6`, `endpoint_port`, `endpoint_service_name`) VALUES (0, -5778378588885136564, -6751089193175309411, 'http.path', 0x2F617574682F75736572, 6, 1638172034664994, -1062715903, NULL, NULL, 'fxz-server-system');
INSERT INTO `zipkin_annotations` (`trace_id_high`, `trace_id`, `span_id`, `a_key`, `a_value`, `a_type`, `a_timestamp`, `endpoint_ipv4`, `endpoint_ipv6`, `endpoint_port`, `endpoint_service_name`) VALUES (0, -5778378588885136564, -5778378588885136564, 'sr', NULL, -1, 1638172034664102, -1062715903, NULL, NULL, 'fxz-server-system');
INSERT INTO `zipkin_annotations` (`trace_id_high`, `trace_id`, `span_id`, `a_key`, `a_value`, `a_type`, `a_timestamp`, `endpoint_ipv4`, `endpoint_ipv6`, `endpoint_port`, `endpoint_service_name`) VALUES (0, -5778378588885136564, -5778378588885136564, 'ss', NULL, -1, 1638172034693000, -1062715903, NULL, NULL, 'fxz-server-system');
INSERT INTO `zipkin_annotations` (`trace_id_high`, `trace_id`, `span_id`, `a_key`, `a_value`, `a_type`, `a_timestamp`, `endpoint_ipv4`, `endpoint_ipv6`, `endpoint_port`, `endpoint_service_name`) VALUES (0, -5778378588885136564, -5778378588885136564, 'ca', 0x01, 0, 1638172034664102, NULL, 0x00000000000000000000000000000001, NULL, '');
INSERT INTO `zipkin_annotations` (`trace_id_high`, `trace_id`, `span_id`, `a_key`, `a_value`, `a_type`, `a_timestamp`, `endpoint_ipv4`, `endpoint_ipv6`, `endpoint_port`, `endpoint_service_name`) VALUES (0, -5778378588885136564, -5778378588885136564, 'http.method', 0x505554, 6, 1638172034664102, -1062715903, NULL, NULL, 'fxz-server-system');
INSERT INTO `zipkin_annotations` (`trace_id_high`, `trace_id`, `span_id`, `a_key`, `a_value`, `a_type`, `a_timestamp`, `endpoint_ipv4`, `endpoint_ipv6`, `endpoint_port`, `endpoint_service_name`) VALUES (0, -5778378588885136564, -5778378588885136564, 'http.path', 0x2F75736572, 6, 1638172034664102, -1062715903, NULL, NULL, 'fxz-server-system');
INSERT INTO `zipkin_annotations` (`trace_id_high`, `trace_id`, `span_id`, `a_key`, `a_value`, `a_type`, `a_timestamp`, `endpoint_ipv4`, `endpoint_ipv6`, `endpoint_port`, `endpoint_service_name`) VALUES (0, -5778378588885136564, -5778378588885136564, 'mvc.controller.class', 0x55736572436F6E74726F6C6C6572, 6, 1638172034664102, -1062715903, NULL, NULL, 'fxz-server-system');
INSERT INTO `zipkin_annotations` (`trace_id_high`, `trace_id`, `span_id`, `a_key`, `a_value`, `a_type`, `a_timestamp`, `endpoint_ipv4`, `endpoint_ipv6`, `endpoint_port`, `endpoint_service_name`) VALUES (0, -5778378588885136564, -5778378588885136564, 'mvc.controller.method', 0x75706461746555736572, 6, 1638172034664102, -1062715903, NULL, NULL, 'fxz-server-system');
INSERT INTO `zipkin_annotations` (`trace_id_high`, `trace_id`, `span_id`, `a_key`, `a_value`, `a_type`, `a_timestamp`, `endpoint_ipv4`, `endpoint_ipv6`, `endpoint_port`, `endpoint_service_name`) VALUES (0, -4279369022548599338, 4917283278434034164, 'cs', NULL, -1, 1638172037192059, -1062715903, NULL, NULL, 'fxz-server-system');
INSERT INTO `zipkin_annotations` (`trace_id_high`, `trace_id`, `span_id`, `a_key`, `a_value`, `a_type`, `a_timestamp`, `endpoint_ipv4`, `endpoint_ipv6`, `endpoint_port`, `endpoint_service_name`) VALUES (0, -4279369022548599338, 4917283278434034164, 'cr', NULL, -1, 1638172037200850, -1062715903, NULL, NULL, 'fxz-server-system');
INSERT INTO `zipkin_annotations` (`trace_id_high`, `trace_id`, `span_id`, `a_key`, `a_value`, `a_type`, `a_timestamp`, `endpoint_ipv4`, `endpoint_ipv6`, `endpoint_port`, `endpoint_service_name`) VALUES (0, -4279369022548599338, 4917283278434034164, 'http.method', 0x474554, 6, 1638172037192059, -1062715903, NULL, NULL, 'fxz-server-system');
INSERT INTO `zipkin_annotations` (`trace_id_high`, `trace_id`, `span_id`, `a_key`, `a_value`, `a_type`, `a_timestamp`, `endpoint_ipv4`, `endpoint_ipv6`, `endpoint_port`, `endpoint_service_name`) VALUES (0, -4279369022548599338, 4917283278434034164, 'http.path', 0x2F617574682F75736572, 6, 1638172037192059, -1062715903, NULL, NULL, 'fxz-server-system');
INSERT INTO `zipkin_annotations` (`trace_id_high`, `trace_id`, `span_id`, `a_key`, `a_value`, `a_type`, `a_timestamp`, `endpoint_ipv4`, `endpoint_ipv6`, `endpoint_port`, `endpoint_service_name`) VALUES (0, -4279369022548599338, 4872798174086814728, 'sr', NULL, -1, 1638172037191112, -1062715903, NULL, NULL, 'fxz-server-system');
INSERT INTO `zipkin_annotations` (`trace_id_high`, `trace_id`, `span_id`, `a_key`, `a_value`, `a_type`, `a_timestamp`, `endpoint_ipv4`, `endpoint_ipv6`, `endpoint_port`, `endpoint_service_name`) VALUES (0, -4279369022548599338, 4872798174086814728, 'ss', NULL, -1, 1638172037208005, -1062715903, NULL, NULL, 'fxz-server-system');
INSERT INTO `zipkin_annotations` (`trace_id_high`, `trace_id`, `span_id`, `a_key`, `a_value`, `a_type`, `a_timestamp`, `endpoint_ipv4`, `endpoint_ipv6`, `endpoint_port`, `endpoint_service_name`) VALUES (0, -4279369022548599338, 4872798174086814728, 'ca', 0x01, 0, 1638172037191112, 2130706433, NULL, -3264, '');
INSERT INTO `zipkin_annotations` (`trace_id_high`, `trace_id`, `span_id`, `a_key`, `a_value`, `a_type`, `a_timestamp`, `endpoint_ipv4`, `endpoint_ipv6`, `endpoint_port`, `endpoint_service_name`) VALUES (0, -4279369022548599338, 4872798174086814728, 'http.method', 0x474554, 6, 1638172037191112, -1062715903, NULL, NULL, 'fxz-server-system');
INSERT INTO `zipkin_annotations` (`trace_id_high`, `trace_id`, `span_id`, `a_key`, `a_value`, `a_type`, `a_timestamp`, `endpoint_ipv4`, `endpoint_ipv6`, `endpoint_port`, `endpoint_service_name`) VALUES (0, -4279369022548599338, 4872798174086814728, 'http.path', 0x2F68656C6C6F, 6, 1638172037191112, -1062715903, NULL, NULL, 'fxz-server-system');
INSERT INTO `zipkin_annotations` (`trace_id_high`, `trace_id`, `span_id`, `a_key`, `a_value`, `a_type`, `a_timestamp`, `endpoint_ipv4`, `endpoint_ipv6`, `endpoint_port`, `endpoint_service_name`) VALUES (0, -4279369022548599338, 4872798174086814728, 'mvc.controller.class', 0x54657374436F6E74726F6C6C6572, 6, 1638172037191112, -1062715903, NULL, NULL, 'fxz-server-system');
INSERT INTO `zipkin_annotations` (`trace_id_high`, `trace_id`, `span_id`, `a_key`, `a_value`, `a_type`, `a_timestamp`, `endpoint_ipv4`, `endpoint_ipv6`, `endpoint_port`, `endpoint_service_name`) VALUES (0, -4279369022548599338, 4872798174086814728, 'mvc.controller.method', 0x68656C6C6F, 6, 1638172037191112, -1062715903, NULL, NULL, 'fxz-server-system');
INSERT INTO `zipkin_annotations` (`trace_id_high`, `trace_id`, `span_id`, `a_key`, `a_value`, `a_type`, `a_timestamp`, `endpoint_ipv4`, `endpoint_ipv6`, `endpoint_port`, `endpoint_service_name`) VALUES (0, -4279369022548599338, 4623739235853618020, 'cs', NULL, -1, 1638172036801136, -1062715903, NULL, NULL, 'fxz-server-system-test');
INSERT INTO `zipkin_annotations` (`trace_id_high`, `trace_id`, `span_id`, `a_key`, `a_value`, `a_type`, `a_timestamp`, `endpoint_ipv4`, `endpoint_ipv6`, `endpoint_port`, `endpoint_service_name`) VALUES (0, -4279369022548599338, 4623739235853618020, 'cr', NULL, -1, 1638172036824833, -1062715903, NULL, NULL, 'fxz-server-system-test');
INSERT INTO `zipkin_annotations` (`trace_id_high`, `trace_id`, `span_id`, `a_key`, `a_value`, `a_type`, `a_timestamp`, `endpoint_ipv4`, `endpoint_ipv6`, `endpoint_port`, `endpoint_service_name`) VALUES (0, -4279369022548599338, 4623739235853618020, 'http.method', 0x474554, 6, 1638172036801136, -1062715903, NULL, NULL, 'fxz-server-system-test');
INSERT INTO `zipkin_annotations` (`trace_id_high`, `trace_id`, `span_id`, `a_key`, `a_value`, `a_type`, `a_timestamp`, `endpoint_ipv4`, `endpoint_ipv6`, `endpoint_port`, `endpoint_service_name`) VALUES (0, -4279369022548599338, 4623739235853618020, 'http.path', 0x2F617574682F75736572, 6, 1638172036801136, -1062715903, NULL, NULL, 'fxz-server-system-test');
INSERT INTO `zipkin_annotations` (`trace_id_high`, `trace_id`, `span_id`, `a_key`, `a_value`, `a_type`, `a_timestamp`, `endpoint_ipv4`, `endpoint_ipv6`, `endpoint_port`, `endpoint_service_name`) VALUES (0, -4279369022548599338, 4872798174086814728, 'cs', NULL, -1, 1638172037190102, -1062715903, NULL, NULL, 'fxz-server-system-test');
INSERT INTO `zipkin_annotations` (`trace_id_high`, `trace_id`, `span_id`, `a_key`, `a_value`, `a_type`, `a_timestamp`, `endpoint_ipv4`, `endpoint_ipv6`, `endpoint_port`, `endpoint_service_name`) VALUES (0, -4279369022548599338, 4872798174086814728, 'cr', NULL, -1, 1638172037212833, -1062715903, NULL, NULL, 'fxz-server-system-test');
INSERT INTO `zipkin_annotations` (`trace_id_high`, `trace_id`, `span_id`, `a_key`, `a_value`, `a_type`, `a_timestamp`, `endpoint_ipv4`, `endpoint_ipv6`, `endpoint_port`, `endpoint_service_name`) VALUES (0, -4279369022548599338, 4872798174086814728, 'http.method', 0x474554, 6, 1638172037190102, -1062715903, NULL, NULL, 'fxz-server-system-test');
INSERT INTO `zipkin_annotations` (`trace_id_high`, `trace_id`, `span_id`, `a_key`, `a_value`, `a_type`, `a_timestamp`, `endpoint_ipv4`, `endpoint_ipv6`, `endpoint_port`, `endpoint_service_name`) VALUES (0, -4279369022548599338, 4872798174086814728, 'http.path', 0x2F68656C6C6F, 6, 1638172037190102, -1062715903, NULL, NULL, 'fxz-server-system-test');
INSERT INTO `zipkin_annotations` (`trace_id_high`, `trace_id`, `span_id`, `a_key`, `a_value`, `a_type`, `a_timestamp`, `endpoint_ipv4`, `endpoint_ipv6`, `endpoint_port`, `endpoint_service_name`) VALUES (0, -4279369022548599338, -4279369022548599338, 'sr', NULL, -1, 1638172036775310, -1062715903, NULL, NULL, 'fxz-server-system-test');
INSERT INTO `zipkin_annotations` (`trace_id_high`, `trace_id`, `span_id`, `a_key`, `a_value`, `a_type`, `a_timestamp`, `endpoint_ipv4`, `endpoint_ipv6`, `endpoint_port`, `endpoint_service_name`) VALUES (0, -4279369022548599338, -4279369022548599338, 'ss', NULL, -1, 1638172037241653, -1062715903, NULL, NULL, 'fxz-server-system-test');
INSERT INTO `zipkin_annotations` (`trace_id_high`, `trace_id`, `span_id`, `a_key`, `a_value`, `a_type`, `a_timestamp`, `endpoint_ipv4`, `endpoint_ipv6`, `endpoint_port`, `endpoint_service_name`) VALUES (0, -4279369022548599338, -4279369022548599338, 'ca', 0x01, 0, 1638172036775310, NULL, 0x00000000000000000000000000000001, NULL, '');
INSERT INTO `zipkin_annotations` (`trace_id_high`, `trace_id`, `span_id`, `a_key`, `a_value`, `a_type`, `a_timestamp`, `endpoint_ipv4`, `endpoint_ipv6`, `endpoint_port`, `endpoint_service_name`) VALUES (0, -4279369022548599338, -4279369022548599338, 'http.method', 0x474554, 6, 1638172036775310, -1062715903, NULL, NULL, 'fxz-server-system-test');
INSERT INTO `zipkin_annotations` (`trace_id_high`, `trace_id`, `span_id`, `a_key`, `a_value`, `a_type`, `a_timestamp`, `endpoint_ipv4`, `endpoint_ipv6`, `endpoint_port`, `endpoint_service_name`) VALUES (0, -4279369022548599338, -4279369022548599338, 'http.path', 0x2F68656C6C6F, 6, 1638172036775310, -1062715903, NULL, NULL, 'fxz-server-system-test');
INSERT INTO `zipkin_annotations` (`trace_id_high`, `trace_id`, `span_id`, `a_key`, `a_value`, `a_type`, `a_timestamp`, `endpoint_ipv4`, `endpoint_ipv6`, `endpoint_port`, `endpoint_service_name`) VALUES (0, -4279369022548599338, -4279369022548599338, 'mvc.controller.class', 0x54657374436F6E74726F6C6C6572, 6, 1638172036775310, -1062715903, NULL, NULL, 'fxz-server-system-test');
INSERT INTO `zipkin_annotations` (`trace_id_high`, `trace_id`, `span_id`, `a_key`, `a_value`, `a_type`, `a_timestamp`, `endpoint_ipv4`, `endpoint_ipv6`, `endpoint_port`, `endpoint_service_name`) VALUES (0, -4279369022548599338, -4279369022548599338, 'mvc.controller.method', 0x68656C6C6F, 6, 1638172036775310, -1062715903, NULL, NULL, 'fxz-server-system-test');
INSERT INTO `zipkin_annotations` (`trace_id_high`, `trace_id`, `span_id`, `a_key`, `a_value`, `a_type`, `a_timestamp`, `endpoint_ipv4`, `endpoint_ipv6`, `endpoint_port`, `endpoint_service_name`) VALUES (0, 2161201663844554158, 2161201663844554158, 'sr', NULL, -1, 1638172042857098, -1062715903, NULL, NULL, 'fxz-server-system');
INSERT INTO `zipkin_annotations` (`trace_id_high`, `trace_id`, `span_id`, `a_key`, `a_value`, `a_type`, `a_timestamp`, `endpoint_ipv4`, `endpoint_ipv6`, `endpoint_port`, `endpoint_service_name`) VALUES (0, 2161201663844554158, 2161201663844554158, 'ss', NULL, -1, 1638172042859704, -1062715903, NULL, NULL, 'fxz-server-system');
INSERT INTO `zipkin_annotations` (`trace_id_high`, `trace_id`, `span_id`, `a_key`, `a_value`, `a_type`, `a_timestamp`, `endpoint_ipv4`, `endpoint_ipv6`, `endpoint_port`, `endpoint_service_name`) VALUES (0, 2161201663844554158, 2161201663844554158, 'ca', 0x01, 0, 1638172042857098, -1062721535, NULL, -3317, '');
INSERT INTO `zipkin_annotations` (`trace_id_high`, `trace_id`, `span_id`, `a_key`, `a_value`, `a_type`, `a_timestamp`, `endpoint_ipv4`, `endpoint_ipv6`, `endpoint_port`, `endpoint_service_name`) VALUES (0, 2161201663844554158, 2161201663844554158, 'http.method', 0x474554, 6, 1638172042857098, -1062715903, NULL, NULL, 'fxz-server-system');
INSERT INTO `zipkin_annotations` (`trace_id_high`, `trace_id`, `span_id`, `a_key`, `a_value`, `a_type`, `a_timestamp`, `endpoint_ipv4`, `endpoint_ipv6`, `endpoint_port`, `endpoint_service_name`) VALUES (0, 2161201663844554158, 2161201663844554158, 'http.path', 0x2F6163747561746F72, 6, 1638172042857098, -1062715903, NULL, NULL, 'fxz-server-system');
INSERT INTO `zipkin_annotations` (`trace_id_high`, `trace_id`, `span_id`, `a_key`, `a_value`, `a_type`, `a_timestamp`, `endpoint_ipv4`, `endpoint_ipv6`, `endpoint_port`, `endpoint_service_name`) VALUES (0, 9063703747363425883, 9063703747363425883, 'sr', NULL, -1, 1638172043861134, -1062715903, NULL, NULL, 'fxz-server-system-test');
INSERT INTO `zipkin_annotations` (`trace_id_high`, `trace_id`, `span_id`, `a_key`, `a_value`, `a_type`, `a_timestamp`, `endpoint_ipv4`, `endpoint_ipv6`, `endpoint_port`, `endpoint_service_name`) VALUES (0, 9063703747363425883, 9063703747363425883, 'ss', NULL, -1, 1638172043864526, -1062715903, NULL, NULL, 'fxz-server-system-test');
INSERT INTO `zipkin_annotations` (`trace_id_high`, `trace_id`, `span_id`, `a_key`, `a_value`, `a_type`, `a_timestamp`, `endpoint_ipv4`, `endpoint_ipv6`, `endpoint_port`, `endpoint_service_name`) VALUES (0, 9063703747363425883, 9063703747363425883, 'ca', 0x01, 0, 1638172043861134, -1062721535, NULL, -3257, '');
INSERT INTO `zipkin_annotations` (`trace_id_high`, `trace_id`, `span_id`, `a_key`, `a_value`, `a_type`, `a_timestamp`, `endpoint_ipv4`, `endpoint_ipv6`, `endpoint_port`, `endpoint_service_name`) VALUES (0, 9063703747363425883, 9063703747363425883, 'http.method', 0x474554, 6, 1638172043861134, -1062715903, NULL, NULL, 'fxz-server-system-test');
INSERT INTO `zipkin_annotations` (`trace_id_high`, `trace_id`, `span_id`, `a_key`, `a_value`, `a_type`, `a_timestamp`, `endpoint_ipv4`, `endpoint_ipv6`, `endpoint_port`, `endpoint_service_name`) VALUES (0, 9063703747363425883, 9063703747363425883, 'http.path', 0x2F6163747561746F72, 6, 1638172043861134, -1062715903, NULL, NULL, 'fxz-server-system-test');
INSERT INTO `zipkin_annotations` (`trace_id_high`, `trace_id`, `span_id`, `a_key`, `a_value`, `a_type`, `a_timestamp`, `endpoint_ipv4`, `endpoint_ipv6`, `endpoint_port`, `endpoint_service_name`) VALUES (0, 261522166580646438, 261522166580646438, 'sr', NULL, -1, 1638172053902101, -1062715903, NULL, NULL, 'fxz-server-system-test');
INSERT INTO `zipkin_annotations` (`trace_id_high`, `trace_id`, `span_id`, `a_key`, `a_value`, `a_type`, `a_timestamp`, `endpoint_ipv4`, `endpoint_ipv6`, `endpoint_port`, `endpoint_service_name`) VALUES (0, 261522166580646438, 261522166580646438, 'ss', NULL, -1, 1638172053904298, -1062715903, NULL, NULL, 'fxz-server-system-test');
INSERT INTO `zipkin_annotations` (`trace_id_high`, `trace_id`, `span_id`, `a_key`, `a_value`, `a_type`, `a_timestamp`, `endpoint_ipv4`, `endpoint_ipv6`, `endpoint_port`, `endpoint_service_name`) VALUES (0, 261522166580646438, 261522166580646438, 'ca', 0x01, 0, 1638172053902101, -1062721535, NULL, -3258, '');
INSERT INTO `zipkin_annotations` (`trace_id_high`, `trace_id`, `span_id`, `a_key`, `a_value`, `a_type`, `a_timestamp`, `endpoint_ipv4`, `endpoint_ipv6`, `endpoint_port`, `endpoint_service_name`) VALUES (0, 261522166580646438, 261522166580646438, 'http.method', 0x474554, 6, 1638172053902101, -1062715903, NULL, NULL, 'fxz-server-system-test');
INSERT INTO `zipkin_annotations` (`trace_id_high`, `trace_id`, `span_id`, `a_key`, `a_value`, `a_type`, `a_timestamp`, `endpoint_ipv4`, `endpoint_ipv6`, `endpoint_port`, `endpoint_service_name`) VALUES (0, 261522166580646438, 261522166580646438, 'http.path', 0x2F6163747561746F72, 6, 1638172053902101, -1062715903, NULL, NULL, 'fxz-server-system-test');
INSERT INTO `zipkin_annotations` (`trace_id_high`, `trace_id`, `span_id`, `a_key`, `a_value`, `a_type`, `a_timestamp`, `endpoint_ipv4`, `endpoint_ipv6`, `endpoint_port`, `endpoint_service_name`) VALUES (0, -5378421523613414783, 6868718754103691883, 'cs', NULL, -1, 1638172593497465, -1062715903, NULL, NULL, 'fxz-server-system');
INSERT INTO `zipkin_annotations` (`trace_id_high`, `trace_id`, `span_id`, `a_key`, `a_value`, `a_type`, `a_timestamp`, `endpoint_ipv4`, `endpoint_ipv6`, `endpoint_port`, `endpoint_service_name`) VALUES (0, -5378421523613414783, 6868718754103691883, 'cr', NULL, -1, 1638172593507775, -1062715903, NULL, NULL, 'fxz-server-system');
INSERT INTO `zipkin_annotations` (`trace_id_high`, `trace_id`, `span_id`, `a_key`, `a_value`, `a_type`, `a_timestamp`, `endpoint_ipv4`, `endpoint_ipv6`, `endpoint_port`, `endpoint_service_name`) VALUES (0, -5378421523613414783, 6868718754103691883, 'http.method', 0x474554, 6, 1638172593497465, -1062715903, NULL, NULL, 'fxz-server-system');
INSERT INTO `zipkin_annotations` (`trace_id_high`, `trace_id`, `span_id`, `a_key`, `a_value`, `a_type`, `a_timestamp`, `endpoint_ipv4`, `endpoint_ipv6`, `endpoint_port`, `endpoint_service_name`) VALUES (0, -5378421523613414783, 6868718754103691883, 'http.path', 0x2F617574682F75736572, 6, 1638172593497465, -1062715903, NULL, NULL, 'fxz-server-system');
INSERT INTO `zipkin_annotations` (`trace_id_high`, `trace_id`, `span_id`, `a_key`, `a_value`, `a_type`, `a_timestamp`, `endpoint_ipv4`, `endpoint_ipv6`, `endpoint_port`, `endpoint_service_name`) VALUES (0, -5378421523613414783, -5378421523613414783, 'sr', NULL, -1, 1638172593497064, -1062715903, NULL, NULL, 'fxz-server-system');
INSERT INTO `zipkin_annotations` (`trace_id_high`, `trace_id`, `span_id`, `a_key`, `a_value`, `a_type`, `a_timestamp`, `endpoint_ipv4`, `endpoint_ipv6`, `endpoint_port`, `endpoint_service_name`) VALUES (0, -5378421523613414783, -5378421523613414783, 'ss', NULL, -1, 1638172593525793, -1062715903, NULL, NULL, 'fxz-server-system');
INSERT INTO `zipkin_annotations` (`trace_id_high`, `trace_id`, `span_id`, `a_key`, `a_value`, `a_type`, `a_timestamp`, `endpoint_ipv4`, `endpoint_ipv6`, `endpoint_port`, `endpoint_service_name`) VALUES (0, -5378421523613414783, -5378421523613414783, 'ca', 0x01, 0, 1638172593497064, NULL, 0x00000000000000000000000000000001, NULL, '');
INSERT INTO `zipkin_annotations` (`trace_id_high`, `trace_id`, `span_id`, `a_key`, `a_value`, `a_type`, `a_timestamp`, `endpoint_ipv4`, `endpoint_ipv6`, `endpoint_port`, `endpoint_service_name`) VALUES (0, -5378421523613414783, -5378421523613414783, 'http.method', 0x505554, 6, 1638172593497064, -1062715903, NULL, NULL, 'fxz-server-system');
INSERT INTO `zipkin_annotations` (`trace_id_high`, `trace_id`, `span_id`, `a_key`, `a_value`, `a_type`, `a_timestamp`, `endpoint_ipv4`, `endpoint_ipv6`, `endpoint_port`, `endpoint_service_name`) VALUES (0, -5378421523613414783, -5378421523613414783, 'http.path', 0x2F75736572, 6, 1638172593497064, -1062715903, NULL, NULL, 'fxz-server-system');
INSERT INTO `zipkin_annotations` (`trace_id_high`, `trace_id`, `span_id`, `a_key`, `a_value`, `a_type`, `a_timestamp`, `endpoint_ipv4`, `endpoint_ipv6`, `endpoint_port`, `endpoint_service_name`) VALUES (0, -5378421523613414783, -5378421523613414783, 'mvc.controller.class', 0x55736572436F6E74726F6C6C6572, 6, 1638172593497064, -1062715903, NULL, NULL, 'fxz-server-system');
INSERT INTO `zipkin_annotations` (`trace_id_high`, `trace_id`, `span_id`, `a_key`, `a_value`, `a_type`, `a_timestamp`, `endpoint_ipv4`, `endpoint_ipv6`, `endpoint_port`, `endpoint_service_name`) VALUES (0, -5378421523613414783, -5378421523613414783, 'mvc.controller.method', 0x75706461746555736572, 6, 1638172593497064, -1062715903, NULL, NULL, 'fxz-server-system');
INSERT INTO `zipkin_annotations` (`trace_id_high`, `trace_id`, `span_id`, `a_key`, `a_value`, `a_type`, `a_timestamp`, `endpoint_ipv4`, `endpoint_ipv6`, `endpoint_port`, `endpoint_service_name`) VALUES (0, 3969593134840307654, 8375295979555635969, 'cs', NULL, -1, 1638172595384801, -1062715903, NULL, NULL, 'fxz-server-system');
INSERT INTO `zipkin_annotations` (`trace_id_high`, `trace_id`, `span_id`, `a_key`, `a_value`, `a_type`, `a_timestamp`, `endpoint_ipv4`, `endpoint_ipv6`, `endpoint_port`, `endpoint_service_name`) VALUES (0, 3969593134840307654, 8375295979555635969, 'cr', NULL, -1, 1638172595396921, -1062715903, NULL, NULL, 'fxz-server-system');
INSERT INTO `zipkin_annotations` (`trace_id_high`, `trace_id`, `span_id`, `a_key`, `a_value`, `a_type`, `a_timestamp`, `endpoint_ipv4`, `endpoint_ipv6`, `endpoint_port`, `endpoint_service_name`) VALUES (0, 3969593134840307654, 8375295979555635969, 'http.method', 0x474554, 6, 1638172595384801, -1062715903, NULL, NULL, 'fxz-server-system');
INSERT INTO `zipkin_annotations` (`trace_id_high`, `trace_id`, `span_id`, `a_key`, `a_value`, `a_type`, `a_timestamp`, `endpoint_ipv4`, `endpoint_ipv6`, `endpoint_port`, `endpoint_service_name`) VALUES (0, 3969593134840307654, 8375295979555635969, 'http.path', 0x2F617574682F75736572, 6, 1638172595384801, -1062715903, NULL, NULL, 'fxz-server-system');
INSERT INTO `zipkin_annotations` (`trace_id_high`, `trace_id`, `span_id`, `a_key`, `a_value`, `a_type`, `a_timestamp`, `endpoint_ipv4`, `endpoint_ipv6`, `endpoint_port`, `endpoint_service_name`) VALUES (0, 3969593134840307654, 3969593134840307654, 'sr', NULL, -1, 1638172595384081, -1062715903, NULL, NULL, 'fxz-server-system');
INSERT INTO `zipkin_annotations` (`trace_id_high`, `trace_id`, `span_id`, `a_key`, `a_value`, `a_type`, `a_timestamp`, `endpoint_ipv4`, `endpoint_ipv6`, `endpoint_port`, `endpoint_service_name`) VALUES (0, 3969593134840307654, 3969593134840307654, 'ss', NULL, -1, 1638172595464071, -1062715903, NULL, NULL, 'fxz-server-system');
INSERT INTO `zipkin_annotations` (`trace_id_high`, `trace_id`, `span_id`, `a_key`, `a_value`, `a_type`, `a_timestamp`, `endpoint_ipv4`, `endpoint_ipv6`, `endpoint_port`, `endpoint_service_name`) VALUES (0, 3969593134840307654, 3969593134840307654, 'ca', 0x01, 0, 1638172595384081, NULL, 0x00000000000000000000000000000001, NULL, '');
INSERT INTO `zipkin_annotations` (`trace_id_high`, `trace_id`, `span_id`, `a_key`, `a_value`, `a_type`, `a_timestamp`, `endpoint_ipv4`, `endpoint_ipv6`, `endpoint_port`, `endpoint_service_name`) VALUES (0, 3969593134840307654, 3969593134840307654, 'http.method', 0x474554, 6, 1638172595384081, -1062715903, NULL, NULL, 'fxz-server-system');
INSERT INTO `zipkin_annotations` (`trace_id_high`, `trace_id`, `span_id`, `a_key`, `a_value`, `a_type`, `a_timestamp`, `endpoint_ipv4`, `endpoint_ipv6`, `endpoint_port`, `endpoint_service_name`) VALUES (0, 3969593134840307654, 3969593134840307654, 'http.path', 0x2F75736572, 6, 1638172595384081, -1062715903, NULL, NULL, 'fxz-server-system');
INSERT INTO `zipkin_annotations` (`trace_id_high`, `trace_id`, `span_id`, `a_key`, `a_value`, `a_type`, `a_timestamp`, `endpoint_ipv4`, `endpoint_ipv6`, `endpoint_port`, `endpoint_service_name`) VALUES (0, 3969593134840307654, 3969593134840307654, 'mvc.controller.class', 0x55736572436F6E74726F6C6C6572, 6, 1638172595384081, -1062715903, NULL, NULL, 'fxz-server-system');
INSERT INTO `zipkin_annotations` (`trace_id_high`, `trace_id`, `span_id`, `a_key`, `a_value`, `a_type`, `a_timestamp`, `endpoint_ipv4`, `endpoint_ipv6`, `endpoint_port`, `endpoint_service_name`) VALUES (0, 3969593134840307654, 3969593134840307654, 'mvc.controller.method', 0x757365724C697374, 6, 1638172595384081, -1062715903, NULL, NULL, 'fxz-server-system');
INSERT INTO `zipkin_annotations` (`trace_id_high`, `trace_id`, `span_id`, `a_key`, `a_value`, `a_type`, `a_timestamp`, `endpoint_ipv4`, `endpoint_ipv6`, `endpoint_port`, `endpoint_service_name`) VALUES (0, -2442269197606816279, -2442269197606816279, 'lc', '', 6, 1638172780931000, -1062715903, NULL, NULL, 'fxz-server-system');
INSERT INTO `zipkin_annotations` (`trace_id_high`, `trace_id`, `span_id`, `a_key`, `a_value`, `a_type`, `a_timestamp`, `endpoint_ipv4`, `endpoint_ipv6`, `endpoint_port`, `endpoint_service_name`) VALUES (0, 1636879556027148046, 1636879556027148046, 'lc', '', 6, 1638172783690000, -1062715903, NULL, NULL, 'fxz-server-system-test');
INSERT INTO `zipkin_annotations` (`trace_id_high`, `trace_id`, `span_id`, `a_key`, `a_value`, `a_type`, `a_timestamp`, `endpoint_ipv4`, `endpoint_ipv6`, `endpoint_port`, `endpoint_service_name`) VALUES (0, 5267234743012679838, 5267234743012679838, 'sr', NULL, -1, 1638172807175193, -1062715903, NULL, NULL, 'fxz-server-system');
INSERT INTO `zipkin_annotations` (`trace_id_high`, `trace_id`, `span_id`, `a_key`, `a_value`, `a_type`, `a_timestamp`, `endpoint_ipv4`, `endpoint_ipv6`, `endpoint_port`, `endpoint_service_name`) VALUES (0, 5267234743012679838, 5267234743012679838, 'ss', NULL, -1, 1638172807183522, -1062715903, NULL, NULL, 'fxz-server-system');
INSERT INTO `zipkin_annotations` (`trace_id_high`, `trace_id`, `span_id`, `a_key`, `a_value`, `a_type`, `a_timestamp`, `endpoint_ipv4`, `endpoint_ipv6`, `endpoint_port`, `endpoint_service_name`) VALUES (0, 5267234743012679838, 5267234743012679838, 'ca', 0x01, 0, 1638172807175193, -1062721535, NULL, -2434, '');
INSERT INTO `zipkin_annotations` (`trace_id_high`, `trace_id`, `span_id`, `a_key`, `a_value`, `a_type`, `a_timestamp`, `endpoint_ipv4`, `endpoint_ipv6`, `endpoint_port`, `endpoint_service_name`) VALUES (0, 5267234743012679838, 5267234743012679838, 'http.method', 0x474554, 6, 1638172807175193, -1062715903, NULL, NULL, 'fxz-server-system');
INSERT INTO `zipkin_annotations` (`trace_id_high`, `trace_id`, `span_id`, `a_key`, `a_value`, `a_type`, `a_timestamp`, `endpoint_ipv4`, `endpoint_ipv6`, `endpoint_port`, `endpoint_service_name`) VALUES (0, 5267234743012679838, 5267234743012679838, 'http.path', 0x2F6163747561746F72, 6, 1638172807175193, -1062715903, NULL, NULL, 'fxz-server-system');
INSERT INTO `zipkin_annotations` (`trace_id_high`, `trace_id`, `span_id`, `a_key`, `a_value`, `a_type`, `a_timestamp`, `endpoint_ipv4`, `endpoint_ipv6`, `endpoint_port`, `endpoint_service_name`) VALUES (0, -5216487376956510447, -5216487376956510447, 'sr', NULL, -1, 1638172809976512, -1062715903, NULL, NULL, 'fxz-server-system-test');
INSERT INTO `zipkin_annotations` (`trace_id_high`, `trace_id`, `span_id`, `a_key`, `a_value`, `a_type`, `a_timestamp`, `endpoint_ipv4`, `endpoint_ipv6`, `endpoint_port`, `endpoint_service_name`) VALUES (0, -5216487376956510447, -5216487376956510447, 'ss', NULL, -1, 1638172809982302, -1062715903, NULL, NULL, 'fxz-server-system-test');
INSERT INTO `zipkin_annotations` (`trace_id_high`, `trace_id`, `span_id`, `a_key`, `a_value`, `a_type`, `a_timestamp`, `endpoint_ipv4`, `endpoint_ipv6`, `endpoint_port`, `endpoint_service_name`) VALUES (0, -5216487376956510447, -5216487376956510447, 'ca', 0x01, 0, 1638172809976512, -1062721535, NULL, -2431, '');
INSERT INTO `zipkin_annotations` (`trace_id_high`, `trace_id`, `span_id`, `a_key`, `a_value`, `a_type`, `a_timestamp`, `endpoint_ipv4`, `endpoint_ipv6`, `endpoint_port`, `endpoint_service_name`) VALUES (0, -5216487376956510447, -5216487376956510447, 'http.method', 0x474554, 6, 1638172809976512, -1062715903, NULL, NULL, 'fxz-server-system-test');
INSERT INTO `zipkin_annotations` (`trace_id_high`, `trace_id`, `span_id`, `a_key`, `a_value`, `a_type`, `a_timestamp`, `endpoint_ipv4`, `endpoint_ipv6`, `endpoint_port`, `endpoint_service_name`) VALUES (0, -5216487376956510447, -5216487376956510447, 'http.path', 0x2F6163747561746F72, 6, 1638172809976512, -1062715903, NULL, NULL, 'fxz-server-system-test');
INSERT INTO `zipkin_annotations` (`trace_id_high`, `trace_id`, `span_id`, `a_key`, `a_value`, `a_type`, `a_timestamp`, `endpoint_ipv4`, `endpoint_ipv6`, `endpoint_port`, `endpoint_service_name`) VALUES (0, 6121297254844789231, 6121297254844789231, 'sr', NULL, -1, 1638179258730900, -1062715903, NULL, NULL, 'fxz-server-system');
INSERT INTO `zipkin_annotations` (`trace_id_high`, `trace_id`, `span_id`, `a_key`, `a_value`, `a_type`, `a_timestamp`, `endpoint_ipv4`, `endpoint_ipv6`, `endpoint_port`, `endpoint_service_name`) VALUES (0, 6121297254844789231, 6121297254844789231, 'ss', NULL, -1, 1638179258736126, -1062715903, NULL, NULL, 'fxz-server-system');
INSERT INTO `zipkin_annotations` (`trace_id_high`, `trace_id`, `span_id`, `a_key`, `a_value`, `a_type`, `a_timestamp`, `endpoint_ipv4`, `endpoint_ipv6`, `endpoint_port`, `endpoint_service_name`) VALUES (0, 6121297254844789231, 6121297254844789231, 'ca', 0x01, 0, 1638179258730900, -1062721535, NULL, -7316, '');
INSERT INTO `zipkin_annotations` (`trace_id_high`, `trace_id`, `span_id`, `a_key`, `a_value`, `a_type`, `a_timestamp`, `endpoint_ipv4`, `endpoint_ipv6`, `endpoint_port`, `endpoint_service_name`) VALUES (0, 6121297254844789231, 6121297254844789231, 'http.method', 0x474554, 6, 1638179258730900, -1062715903, NULL, NULL, 'fxz-server-system');
INSERT INTO `zipkin_annotations` (`trace_id_high`, `trace_id`, `span_id`, `a_key`, `a_value`, `a_type`, `a_timestamp`, `endpoint_ipv4`, `endpoint_ipv6`, `endpoint_port`, `endpoint_service_name`) VALUES (0, 6121297254844789231, 6121297254844789231, 'http.path', 0x2F6163747561746F72, 6, 1638179258730900, -1062715903, NULL, NULL, 'fxz-server-system');
INSERT INTO `zipkin_annotations` (`trace_id_high`, `trace_id`, `span_id`, `a_key`, `a_value`, `a_type`, `a_timestamp`, `endpoint_ipv4`, `endpoint_ipv6`, `endpoint_port`, `endpoint_service_name`) VALUES (0, -4991943118875554767, -4991943118875554767, 'sr', NULL, -1, 1638179258834153, -1062715903, NULL, NULL, 'fxz-server-system-test');
INSERT INTO `zipkin_annotations` (`trace_id_high`, `trace_id`, `span_id`, `a_key`, `a_value`, `a_type`, `a_timestamp`, `endpoint_ipv4`, `endpoint_ipv6`, `endpoint_port`, `endpoint_service_name`) VALUES (0, -4991943118875554767, -4991943118875554767, 'ss', NULL, -1, 1638179258838428, -1062715903, NULL, NULL, 'fxz-server-system-test');
INSERT INTO `zipkin_annotations` (`trace_id_high`, `trace_id`, `span_id`, `a_key`, `a_value`, `a_type`, `a_timestamp`, `endpoint_ipv4`, `endpoint_ipv6`, `endpoint_port`, `endpoint_service_name`) VALUES (0, -4991943118875554767, -4991943118875554767, 'ca', 0x01, 0, 1638179258834153, -1062721535, NULL, -7309, '');
INSERT INTO `zipkin_annotations` (`trace_id_high`, `trace_id`, `span_id`, `a_key`, `a_value`, `a_type`, `a_timestamp`, `endpoint_ipv4`, `endpoint_ipv6`, `endpoint_port`, `endpoint_service_name`) VALUES (0, -4991943118875554767, -4991943118875554767, 'http.method', 0x474554, 6, 1638179258834153, -1062715903, NULL, NULL, 'fxz-server-system-test');
INSERT INTO `zipkin_annotations` (`trace_id_high`, `trace_id`, `span_id`, `a_key`, `a_value`, `a_type`, `a_timestamp`, `endpoint_ipv4`, `endpoint_ipv6`, `endpoint_port`, `endpoint_service_name`) VALUES (0, -4991943118875554767, -4991943118875554767, 'http.path', 0x2F6163747561746F72, 6, 1638179258834153, -1062715903, NULL, NULL, 'fxz-server-system-test');
COMMIT;

-- ----------------------------
-- Table structure for zipkin_dependencies
-- ----------------------------
DROP TABLE IF EXISTS `zipkin_dependencies`;
CREATE TABLE `zipkin_dependencies` (
  `day` date NOT NULL,
  `parent` varchar(255) CHARACTER SET utf8 COLLATE utf8_general_ci NOT NULL,
  `child` varchar(255) CHARACTER SET utf8 COLLATE utf8_general_ci NOT NULL,
  `call_count` bigint(20) DEFAULT NULL,
  `error_count` bigint(20) DEFAULT NULL,
  PRIMARY KEY (`day`,`parent`,`child`) USING BTREE
) ENGINE=InnoDB DEFAULT CHARSET=utf8 ROW_FORMAT=COMPRESSED;

-- ----------------------------
-- Records of zipkin_dependencies
-- ----------------------------
BEGIN;
COMMIT;

-- ----------------------------
-- Table structure for zipkin_spans
-- ----------------------------
DROP TABLE IF EXISTS `zipkin_spans`;
CREATE TABLE `zipkin_spans` (
  `trace_id_high` bigint(20) NOT NULL DEFAULT '0' COMMENT 'If non zero, this means the trace uses 128 bit traceIds instead of 64 bit',
  `trace_id` bigint(20) NOT NULL,
  `id` bigint(20) NOT NULL,
  `name` varchar(255) CHARACTER SET utf8 COLLATE utf8_general_ci NOT NULL,
  `remote_service_name` varchar(255) CHARACTER SET utf8 COLLATE utf8_general_ci DEFAULT NULL,
  `parent_id` bigint(20) DEFAULT NULL,
  `debug` bit(1) DEFAULT NULL,
  `start_ts` bigint(20) DEFAULT NULL COMMENT 'Span.timestamp(): epoch micros used for endTs query and to implement TTL',
  `duration` bigint(20) DEFAULT NULL COMMENT 'Span.duration(): micros used for minDuration and maxDuration query',
  PRIMARY KEY (`trace_id_high`,`trace_id`,`id`) USING BTREE,
  KEY `trace_id_high` (`trace_id_high`,`trace_id`) USING BTREE COMMENT 'for getTracesByIds',
  KEY `name` (`name`) USING BTREE COMMENT 'for getTraces and getSpanNames',
  KEY `remote_service_name` (`remote_service_name`) USING BTREE COMMENT 'for getTraces and getRemoteServiceNames',
  KEY `start_ts` (`start_ts`) USING BTREE COMMENT 'for getTraces ordering and range'
) ENGINE=InnoDB DEFAULT CHARSET=utf8 ROW_FORMAT=COMPRESSED;

-- ----------------------------
-- Records of zipkin_spans
-- ----------------------------
BEGIN;
INSERT INTO `zipkin_spans` (`trace_id_high`, `trace_id`, `id`, `name`, `remote_service_name`, `parent_id`, `debug`, `start_ts`, `duration`) VALUES (0, -8025310126578137703, -8025310126578137703, 'get', '', NULL, NULL, 1638169875020435, 6187);
INSERT INTO `zipkin_spans` (`trace_id_high`, `trace_id`, `id`, `name`, `remote_service_name`, `parent_id`, `debug`, `start_ts`, `duration`) VALUES (0, -7881802119374865842, -7881802119374865842, 'async', '', NULL, NULL, 1638169867805000, 697619);
INSERT INTO `zipkin_spans` (`trace_id_high`, `trace_id`, `id`, `name`, `remote_service_name`, `parent_id`, `debug`, `start_ts`, `duration`) VALUES (0, -7606622751437803094, -7606622751437803094, 'get', '', NULL, NULL, 1638169892123160, 3264);
INSERT INTO `zipkin_spans` (`trace_id_high`, `trace_id`, `id`, `name`, `remote_service_name`, `parent_id`, `debug`, `start_ts`, `duration`) VALUES (0, -7001130729477240016, -7001130729477240016, 'async', '', NULL, NULL, 1638172016343000, 691219);
INSERT INTO `zipkin_spans` (`trace_id_high`, `trace_id`, `id`, `name`, `remote_service_name`, `parent_id`, `debug`, `start_ts`, `duration`) VALUES (0, -6387757123946159492, -6387757123946159492, 'put /user', '', NULL, NULL, 1638172033317109, 351849);
INSERT INTO `zipkin_spans` (`trace_id_high`, `trace_id`, `id`, `name`, `remote_service_name`, `parent_id`, `debug`, `start_ts`, `duration`) VALUES (0, -6387757123946159492, -895604104681823013, 'get', '', -6387757123946159492, NULL, 1638172033329855, 22266);
INSERT INTO `zipkin_spans` (`trace_id_high`, `trace_id`, `id`, `name`, `remote_service_name`, `parent_id`, `debug`, `start_ts`, `duration`) VALUES (0, -6145841007590615249, -6145841007590615249, 'get', '', NULL, NULL, 1638169875010503, 5037);
INSERT INTO `zipkin_spans` (`trace_id_high`, `trace_id`, `id`, `name`, `remote_service_name`, `parent_id`, `debug`, `start_ts`, `duration`) VALUES (0, -5778378588885136564, -6751089193175309411, 'get', '', -5778378588885136564, NULL, 1638172034664994, 12588);
INSERT INTO `zipkin_spans` (`trace_id_high`, `trace_id`, `id`, `name`, `remote_service_name`, `parent_id`, `debug`, `start_ts`, `duration`) VALUES (0, -5778378588885136564, -5778378588885136564, 'put /user', '', NULL, NULL, 1638172034664102, 28898);
INSERT INTO `zipkin_spans` (`trace_id_high`, `trace_id`, `id`, `name`, `remote_service_name`, `parent_id`, `debug`, `start_ts`, `duration`) VALUES (0, -5656661044141199813, -8489855318435819779, 'get', '', 1200834296849922203, NULL, 1638171883712031, 13730);
INSERT INTO `zipkin_spans` (`trace_id_high`, `trace_id`, `id`, `name`, `remote_service_name`, `parent_id`, `debug`, `start_ts`, `duration`) VALUES (0, -5656661044141199813, -6092636913825039442, 'get', '', -5656661044141199813, NULL, 1638171883694734, 12953);
INSERT INTO `zipkin_spans` (`trace_id_high`, `trace_id`, `id`, `name`, `remote_service_name`, `parent_id`, `debug`, `start_ts`, `duration`) VALUES (0, -5656661044141199813, -5656661044141199813, 'get /hello', '', NULL, NULL, 1638171883694087, 37642);
INSERT INTO `zipkin_spans` (`trace_id_high`, `trace_id`, `id`, `name`, `remote_service_name`, `parent_id`, `debug`, `start_ts`, `duration`) VALUES (0, -5656661044141199813, 1200834296849922203, 'get /hello', '', -5656661044141199813, NULL, 1638171883710609, 19769);
INSERT INTO `zipkin_spans` (`trace_id_high`, `trace_id`, `id`, `name`, `remote_service_name`, `parent_id`, `debug`, `start_ts`, `duration`) VALUES (0, -5378421523613414783, -5378421523613414783, 'put /user', '', NULL, NULL, 1638172593497064, 28729);
INSERT INTO `zipkin_spans` (`trace_id_high`, `trace_id`, `id`, `name`, `remote_service_name`, `parent_id`, `debug`, `start_ts`, `duration`) VALUES (0, -5378421523613414783, 6868718754103691883, 'get', '', -5378421523613414783, NULL, 1638172593497465, 10310);
INSERT INTO `zipkin_spans` (`trace_id_high`, `trace_id`, `id`, `name`, `remote_service_name`, `parent_id`, `debug`, `start_ts`, `duration`) VALUES (0, -5328535706363524248, -8520234267970190352, 'get', '', -5328535706363524248, NULL, 1638169939517799, 80684);
INSERT INTO `zipkin_spans` (`trace_id_high`, `trace_id`, `id`, `name`, `remote_service_name`, `parent_id`, `debug`, `start_ts`, `duration`) VALUES (0, -5328535706363524248, -6951861956747260916, 'get', '', -5328535706363524248, NULL, 1638169938987665, 62254);
INSERT INTO `zipkin_spans` (`trace_id_high`, `trace_id`, `id`, `name`, `remote_service_name`, `parent_id`, `debug`, `start_ts`, `duration`) VALUES (0, -5328535706363524248, -5328535706363524248, 'get /hello', '', NULL, NULL, 1638169938984125, 627117);
INSERT INTO `zipkin_spans` (`trace_id_high`, `trace_id`, `id`, `name`, `remote_service_name`, `parent_id`, `debug`, `start_ts`, `duration`) VALUES (0, -5328535706363524248, 3225804995639601053, 'get', '', -8520234267970190352, NULL, 1638169939525241, 48166);
INSERT INTO `zipkin_spans` (`trace_id_high`, `trace_id`, `id`, `name`, `remote_service_name`, `parent_id`, `debug`, `start_ts`, `duration`) VALUES (0, -5216487376956510447, -5216487376956510447, 'get', '', NULL, NULL, 1638172809976512, 5790);
INSERT INTO `zipkin_spans` (`trace_id_high`, `trace_id`, `id`, `name`, `remote_service_name`, `parent_id`, `debug`, `start_ts`, `duration`) VALUES (0, -4991943118875554767, -4991943118875554767, 'get', '', NULL, NULL, 1638179258834153, 4275);
INSERT INTO `zipkin_spans` (`trace_id_high`, `trace_id`, `id`, `name`, `remote_service_name`, `parent_id`, `debug`, `start_ts`, `duration`) VALUES (0, -4279369022548599338, -4279369022548599338, 'get /hello', '', NULL, NULL, 1638172036775310, 466343);
INSERT INTO `zipkin_spans` (`trace_id_high`, `trace_id`, `id`, `name`, `remote_service_name`, `parent_id`, `debug`, `start_ts`, `duration`) VALUES (0, -4279369022548599338, 4623739235853618020, 'get', '', -4279369022548599338, NULL, 1638172036801136, 23697);
INSERT INTO `zipkin_spans` (`trace_id_high`, `trace_id`, `id`, `name`, `remote_service_name`, `parent_id`, `debug`, `start_ts`, `duration`) VALUES (0, -4279369022548599338, 4872798174086814728, 'get', '', -4279369022548599338, NULL, 1638172037190102, 22731);
INSERT INTO `zipkin_spans` (`trace_id_high`, `trace_id`, `id`, `name`, `remote_service_name`, `parent_id`, `debug`, `start_ts`, `duration`) VALUES (0, -4279369022548599338, 4917283278434034164, 'get', '', 4872798174086814728, NULL, 1638172037192059, 8791);
INSERT INTO `zipkin_spans` (`trace_id_high`, `trace_id`, `id`, `name`, `remote_service_name`, `parent_id`, `debug`, `start_ts`, `duration`) VALUES (0, -2566181379648875080, -2566181379648875080, 'async', '', NULL, NULL, 1638169865802000, 848862);
INSERT INTO `zipkin_spans` (`trace_id_high`, `trace_id`, `id`, `name`, `remote_service_name`, `parent_id`, `debug`, `start_ts`, `duration`) VALUES (0, -2442269197606816279, -2442269197606816279, 'async', '', NULL, NULL, 1638172780931000, 974437);
INSERT INTO `zipkin_spans` (`trace_id_high`, `trace_id`, `id`, `name`, `remote_service_name`, `parent_id`, `debug`, `start_ts`, `duration`) VALUES (0, -832826882313434463, -832826882313434463, 'async', '', NULL, NULL, 1638171416873000, 702409);
INSERT INTO `zipkin_spans` (`trace_id_high`, `trace_id`, `id`, `name`, `remote_service_name`, `parent_id`, `debug`, `start_ts`, `duration`) VALUES (0, 261522166580646438, 261522166580646438, 'get', '', NULL, NULL, 1638172053902101, 2197);
INSERT INTO `zipkin_spans` (`trace_id_high`, `trace_id`, `id`, `name`, `remote_service_name`, `parent_id`, `debug`, `start_ts`, `duration`) VALUES (0, 1636879556027148046, 1636879556027148046, 'async', '', NULL, NULL, 1638172783690000, 731652);
INSERT INTO `zipkin_spans` (`trace_id_high`, `trace_id`, `id`, `name`, `remote_service_name`, `parent_id`, `debug`, `start_ts`, `duration`) VALUES (0, 2161201663844554158, 2161201663844554158, 'get', '', NULL, NULL, 1638172042857098, 2606);
INSERT INTO `zipkin_spans` (`trace_id_high`, `trace_id`, `id`, `name`, `remote_service_name`, `parent_id`, `debug`, `start_ts`, `duration`) VALUES (0, 3021340501933078410, 3021340501933078410, 'async', '', NULL, NULL, 1638171406675000, 1077855);
INSERT INTO `zipkin_spans` (`trace_id_high`, `trace_id`, `id`, `name`, `remote_service_name`, `parent_id`, `debug`, `start_ts`, `duration`) VALUES (0, 3592737260128299163, -2874851072035824594, 'get', '', 1198070489411063301, NULL, 1638171535303270, 22753);
INSERT INTO `zipkin_spans` (`trace_id_high`, `trace_id`, `id`, `name`, `remote_service_name`, `parent_id`, `debug`, `start_ts`, `duration`) VALUES (0, 3592737260128299163, 1198070489411063301, 'get /hello', '', 3592737260128299163, NULL, 1638171535296297, 55063);
INSERT INTO `zipkin_spans` (`trace_id_high`, `trace_id`, `id`, `name`, `remote_service_name`, `parent_id`, `debug`, `start_ts`, `duration`) VALUES (0, 3592737260128299163, 3592737260128299163, 'get /hello', '', NULL, NULL, 1638171534839111, 522789);
INSERT INTO `zipkin_spans` (`trace_id_high`, `trace_id`, `id`, `name`, `remote_service_name`, `parent_id`, `debug`, `start_ts`, `duration`) VALUES (0, 3592737260128299163, 8028521047333011932, 'get', '', 3592737260128299163, NULL, 1638171534842575, 95198);
INSERT INTO `zipkin_spans` (`trace_id_high`, `trace_id`, `id`, `name`, `remote_service_name`, `parent_id`, `debug`, `start_ts`, `duration`) VALUES (0, 3831019749791502824, 3831019749791502824, 'get', '', NULL, NULL, 1638171433055254, 8082);
INSERT INTO `zipkin_spans` (`trace_id_high`, `trace_id`, `id`, `name`, `remote_service_name`, `parent_id`, `debug`, `start_ts`, `duration`) VALUES (0, 3969593134840307654, 3969593134840307654, 'get /user', '', NULL, NULL, 1638172595384081, 79990);
INSERT INTO `zipkin_spans` (`trace_id_high`, `trace_id`, `id`, `name`, `remote_service_name`, `parent_id`, `debug`, `start_ts`, `duration`) VALUES (0, 3969593134840307654, 8375295979555635969, 'get', '', 3969593134840307654, NULL, 1638172595384801, 12120);
INSERT INTO `zipkin_spans` (`trace_id_high`, `trace_id`, `id`, `name`, `remote_service_name`, `parent_id`, `debug`, `start_ts`, `duration`) VALUES (0, 4592102201703596623, 4592102201703596623, 'get', '', NULL, NULL, 1638169894232100, 2327);
INSERT INTO `zipkin_spans` (`trace_id_high`, `trace_id`, `id`, `name`, `remote_service_name`, `parent_id`, `debug`, `start_ts`, `duration`) VALUES (0, 5267234743012679838, 5267234743012679838, 'get', '', NULL, NULL, 1638172807175193, 8329);
INSERT INTO `zipkin_spans` (`trace_id_high`, `trace_id`, `id`, `name`, `remote_service_name`, `parent_id`, `debug`, `start_ts`, `duration`) VALUES (0, 5555067615528282343, 5555067615528282343, 'async', '', NULL, NULL, 1638172027446000, 730540);
INSERT INTO `zipkin_spans` (`trace_id_high`, `trace_id`, `id`, `name`, `remote_service_name`, `parent_id`, `debug`, `start_ts`, `duration`) VALUES (0, 5953620445964840203, 5953620445964840203, 'get', '', NULL, NULL, 1638172023984811, 6294);
INSERT INTO `zipkin_spans` (`trace_id_high`, `trace_id`, `id`, `name`, `remote_service_name`, `parent_id`, `debug`, `start_ts`, `duration`) VALUES (0, 6121297254844789231, 6121297254844789231, 'get', '', NULL, NULL, 1638179258730900, 5226);
INSERT INTO `zipkin_spans` (`trace_id_high`, `trace_id`, `id`, `name`, `remote_service_name`, `parent_id`, `debug`, `start_ts`, `duration`) VALUES (0, 6953175459323808214, 6953175459323808214, 'get', '', NULL, NULL, 1638171443324234, 7322);
INSERT INTO `zipkin_spans` (`trace_id_high`, `trace_id`, `id`, `name`, `remote_service_name`, `parent_id`, `debug`, `start_ts`, `duration`) VALUES (0, 8582406937137518271, 8109846340536009304, 'get', '', 8582406937137518271, NULL, 1638171885829877, 11756);
INSERT INTO `zipkin_spans` (`trace_id_high`, `trace_id`, `id`, `name`, `remote_service_name`, `parent_id`, `debug`, `start_ts`, `duration`) VALUES (0, 8582406937137518271, 8582406937137518271, 'put /user', '', NULL, NULL, 1638171885828194, 371179);
INSERT INTO `zipkin_spans` (`trace_id_high`, `trace_id`, `id`, `name`, `remote_service_name`, `parent_id`, `debug`, `start_ts`, `duration`) VALUES (0, 9063703747363425883, 9063703747363425883, 'get', '', NULL, NULL, 1638172043861134, 3392);
COMMIT;

SET FOREIGN_KEY_CHECKS = 1;
